qid	order	query	qld.recip_rank
1	-1	obama family tree	0.0
1	glove.topn3	obama family tree barack mccain father pine	1.0
1	wiki.topn3	obama family tree stanley armour dunham madelyn dunham barack obama sr family barack obama	1.0
1	conceptluster.topn5.3.bm25	obama family tree family barack obama death cellulos carbon restringido video	0.5
1	conceptluster.topn5.3.qld	obama family tree family barack obama git object	0.5
1	tagmee.topn3	obama family tree Family of Barack Obama	0.5
1	word2vec.topn3	obama family tree bama barack relatives tree	0.5
1	anchor.topn3	obama family tree barack obama strichnocera mekubetzet tree stern s diatomic sequ ssm a	0.3333
1	conceptnet.topn3	obama family tree Barack Hussein Obama obamaton obamacrat home group branch squirrel wood	0.25
1	anchor.topn3.replace	barack obama strichnocera family mekubetzet tree stern s diatomic sequ ssm a	0.2
1	wiki.topn3.replace	stanley armour dunham madelyn dunham barack obama sr family barack obama	0.2
1	tagmee.topn3.replace	Family of Barack Obama	0.1429
1	sensedisambiguation.replace	obama syndicate tree	0.0152
1	word2vec.topn3.replace	bama barack relatives tree	0.0149
10	-1	cheap internet	0.25
10	word2vec.topn3	cheap internet inexpensive low cost online intenet	1.0
10	word2vec.topn3.replace	inexpensive low cost online intenet	1.0
11	-1	gmat prep classes	0.5
11	anchor.topn3	gmat prep classes al mojzel baico crosswat preparatori prep oahu	1.0
11	bertqe.topn10.bm25	studi guid gmat mathprep corpor	1.0
11	bertqe.topn10.qld	mlic manhattan gmat prep class	1.0
11	bt_nllb_malay	Gmat preparation class	1.0
11	bt_nllb_swahili	a preparation class for gmat	1.0
11	conceptluster.topn5.3.qld	gmat prep classes preschool graduate management admission test social class git object	1.0
11	docluster.topn10.3.qld	gmat prep classes git object trivia	1.0
11	sensedisambiguation	gmat prep homework classes course	1.0
11	termluster.topn5.3.qld	gmat prep classes git object	1.0
11	wordnet.topn3	gmat prep classes homework preparation form assort separate	1.0
12	-1	djs	0.25
12	conceptnet.topn3	djs deejays	0.5
12	glove.topn3	djs deejays	0.5
12	sensedisambiguation	djs disk jockey	0.5
12	sensedisambiguation.replace	disk jockey	0.5
12	word2vec.topn3	djs deejays	0.5
12	wordnet.topn3	djs disc jockey disk jockey	0.5
12	wordnet.topn3.replace	disc jockey disk jockey	0.5
13	-1	map	0.5
14	-1	dinosaurs	0.0303
14	conceptnet.topn3	dinosaurs ancient reptiles	1.0
14	glove.topn3	dinosaurs reptiles	0.1429
14	conceptnet.topn3.replace	ancient reptiles	0.125
15	-1	espn sports	0.25
15	anchor.topn3	espn sports espnsoccernet espnet nbatv	1.0
15	anchor.topn3.replace	espnsoccernet espnet nbatv sports	1.0
15	conceptluster.topn5.3.qld	espn sports broadcasting sports events espn git object	1.0
15	relevancefeedback.topn10.bm25	espn sports articl john bucher comment you	1.0
15	relevancefeedback.topn10.qld	espn sports classic sport titl	1.0
15	tagmee.topn3	espn sports ESPN Broadcasting of sports events	1.0
15	tagmee.topn3.replace	ESPN Broadcasting of sports events	1.0
15	wiki.topn3	espn sports bristol connecticut television channels stations established sports television networks united states espn sports events works sports out of market sports package broadcasting sports events	1.0
15	wiki.topn3.replace	bristol connecticut television channels stations established sports television networks united states espn sports events works sports out of market sports package broadcasting sports events	1.0
15	conceptluster.topn5.3.bm25	espn sports broadcasting sports events espn death cellulos carbon restringido video	0.5
15	docluster.topn10.3.bm25	espn sports death cellulos carbon restringido video life trivia obama organ	0.5
15	word2vec.topn3	espn sports sportscenter espn com athletics	0.3333
16	-1	arizona game and fish	1.0
17	-1	poker tournaments	0.1429
18	-1	wedding budget calculator	1.0
19	-1	the current	0.0
2	-1	french lick resort and casino	1.0
20	-1	defender	0.0
21	-1	volvo	0.25
21	bertqe.topn10.qld	s super saloon archiv volvo	1.0
21	wiki.topn3	volvo car manufacturers sweden motor vehicle manufacturers sweden audi volvo	1.0
21	wiki.topn3.replace	car manufacturers sweden motor vehicle manufacturers sweden audi volvo	0.5
22	-1	rick warren	1.0
23	-1	yahoo	0.0
23	wiki.topn3	yahoo alibaba group websites company companies based sunnyvale california yahoo	1.0
23	wiki.topn3.replace	alibaba group websites company companies based sunnyvale california yahoo	0.5
23	bt_nllb_chinese_yue	Yahoo is a website	0.0345
24	-1	diversity	0.1667
25	-1	euclid	0.3333
25	relevancefeedback.topn10.bm25	euclid video i geometri	1.0
25	relevancefeedback.topn10.qld	euclid video ey i us tabl	1.0
25	anchor.topn3	euclid evklid efklidi euclidi	0.5
25	wiki.topn3	euclid data euclid diophantus archimedes euclid	0.5
25	wiki.topn3.replace	data euclid diophantus archimedes euclid	0.5
26	-1	lower heart rate	0.3333
26	bt_nllb_swahili	low heart rate	1.0
26	tagmee.topn3	lower heart rate Mandible Heart rate	1.0
26	tagmee.topn3.replace	Mandible Heart rate	1.0
26	conceptluster.topn5.3.bm25	lower heart rate mandible heart rate lick casino french	0.5
26	conceptluster.topn5.3.qld	lower heart rate heart rate mandible lick casino	0.5
26	sensedisambiguation	lower low heart kernel rate	0.5
27	-1	starbucks	0.0556
27	wiki.topn3	starbucks retail companies established burger king pike place market starbucks	0.5
27	word2vec.topn3	starbucks mcdonalds McDs	0.25
27	bt_nllb_malay	Starbucks is a great place to start	0.2
27	relevancefeedback.topn10.bm25	starbucks i starbuck e googl coffe	0.1111
27	bertqe.topn10.qld	wal mart sell starbuck coffe	0.0667
28	-1	inuyasha	0.3333
28	anchor.topn3	inuyasha sesshomaru totosai kikyo	1.0
28	anchor.topn3.replace	sesshomaru totosai kikyo	1.0
28	relevancefeedback.topn10.bm25	inuyasha video game i quizz more	1.0
29	-1	ps 2 games	0.25
3	-1	getting organized	1.0
30	-1	diabetes education	0.25
30	conceptluster.topn5.3.qld	diabetes education diabetes mellitus education standard student object	1.0
30	docluster.topn10.3.qld	diabetes education standard student object	1.0
30	relevancefeedback.topn10.bm25	diabetes education support health diabet activ	1.0
30	termluster.topn5.3.qld	diabetes education standard student object	1.0
30	conceptnet.topn3	diabetes education polydipsia school seeing art further your career	0.5
31	-1	atari	1.0
32	-1	website design hosting	0.5
32	conceptnet.topn3	website design hosting plan art create	1.0
33	-1	elliptical trainer	0.25
33	anchor.topn3	elliptical trainer thipyaso program boeing saab bi plan	1.0
33	bertqe.topn10.qld	ellipt trainer review smooth	1.0
33	stem.krovetz	elliptic train	1.0
33	stem.paicehusk	ellipt train	1.0
33	word2vec.topn3	elliptical trainer eliptical elongated	1.0
34	-1	cell phones	0.0909
34	docluster.topn10.3.bm25	cell phones mg manag fungi your plan busi should	1.0
34	glove.topn3	cell phones cellular telephones cellphones	0.25
34	word2vec.topn3	cell phones cellular telephones handsets	0.25
34	conceptluster.topn5.3.bm25	cell phones mg manag fungi your plan	0.1667
34	termluster.topn5.3.bm25	cell phones mg manag fungi your plan	0.1667
34	conceptluster.topn5.3.qld	cell phones standard student object	0.1429
34	docluster.topn10.3.qld	cell phones standard student object	0.1429
34	termluster.topn5.3.qld	cell phones standard student object	0.1429
34	wordnet.topn3	cell phones mobile phone cellular telephone cellular phone call ring speech sound	0.1429
34	relevancefeedback.topn10.qld	cell phones phone revers	0.125
35	-1	hoboken	0.3333
35	conceptluster.topn5.3.bm25	hoboken hoboken new jersey mg manag fungi your plan	1.0
35	conceptluster.topn5.3.qld	hoboken hoboken new jersey standard student object	1.0
35	tagmee.topn3	hoboken Hoboken New Jersey	1.0
35	termluster.topn5.3.bm25	hoboken mg manag fungi your plan	1.0
36	-1	gps	0.1429
36	glove.topn3	gps positioning navigation	1.0
36	relevancefeedback.topn10.bm25	gps gp map forum earth process garmin glonass	0.5
37	-1	pampered chef	0.1111
37	termluster.topn5.3.bm25	pampered chef mg manag fungi your plan	0.25
37	conceptluster.topn5.3.bm25	pampered chef pampered chef mg manag fungi your plan	0.1667
38	-1	dogs for adoption	0.125
38	conceptnet.topn3	dogs adoption flea very loyal guide blind people	1.0
38	relevancefeedback.topn10.bm25	dogs for adoption blood view dog cat war greyhound	1.0
38	word2vec.topn3	dogs adoption canines cats non adoption	1.0
38	word2vec.topn3.replace	canines cats non adoption	1.0
38	glove.topn3	dogs adoption cats	0.1667
39	-1	disneyland hotel	0.3333
39	bertqe.topn10.qld	anaheim near disneyland motel	1.0
4	-1	toilet	0.125
40	-1	michworks	0.5
40	relevancefeedback.topn10.bm25	michworks michigan search work bike counti	1.0
40	relevancefeedback.topn10.qld	michworks resum michigan bike i search work counti	1.0
41	-1	orange county convention center	1.0
42	-1	the music man	0.0
43	-1	the secret garden	0.25
43	wiki.topn3	secret garden novels frances hodgson burnett littlwomen thchristmas miraclof jonathan toomey secret garden	1.0
43	relevancefeedback.topn10.qld	the secret garden now movi pdt	0.5
43	wiki.topn3.replace	novels frances hodgson burnett littlwomen thchristmas miraclof jonathan toomey secret garden	0.5
44	-1	map of the united states	0.3333
45	-1	solar panels	0.3333
45	word2vec.topn3	solar panels photovoltaic non solar	1.0
45	word2vec.topn3.replace	photovoltaic non solar panels	0.5
46	-1	alexian brothers hospital	0.3333
46	bt_nllb_arabic	The hospital of the Elks Brothers	1.0
46	conceptluster.topn5.3.bm25	alexian brothers hospital alexians bed toilet dusseldorf hote	1.0
46	relevancefeedback.topn10.bm25	alexian brothers hospital chattanooga	1.0
46	relevancefeedback.topn10.qld	alexian brothers hospital chattanooga stroke	1.0
46	termluster.topn5.3.qld	alexian brothers hospital dusseldorf room apart	1.0
46	wordnet.topn3	alexian brothers hospital blood brother sidekick infirmary	1.0
46	wordnet.topn3.replace	alexian blood brother sidekick infirmary	1.0
46	glove.topn3	alexian brothers hospital peesk gahsh sons medical	0.5
46	sensedisambiguation.replace	alexian buddy hospital	0.5
47	-1	indexed annuity	0.2
47	sensedisambiguation	indexed index annuity	0.5
47	bertqe.topn10.qld	equiti index annuiti rank highest	0.3333
47	bt_nllb_korean	The indexed annual rate	0.25
48	-1	wilson antenna	0.3333
48	relevancefeedback.topn10.qld	wilson antenna cb http	1.0
49	-1	flame designs	0.1111
49	relevancefeedback.topn10.bm25	flame designs nebula game clipart	1.0
5	-1	mitchell college	0.0769
50	-1	dog heat	0.1
50	conceptnet.topn3	dog heat bark pet fire temperature	0.1429
6	-1	kcs	0.0
7	-1	air travel information	1.0
8	-1	appraisals	0.0149
8	conceptnet.topn3	appraisals establish a worth	0.1
9	-1	used car parts	1.0
51	-1	horse hooves	1.0
52	-1	avp	0.1667
52	wiki.topn3	avp list american beach volleyball players holly mcpeak california golden bears women s volleyball players association volleyball professionals	1.0
52	wiki.topn3.replace	list american beach volleyball players holly mcpeak california golden bears women s volleyball players association volleyball professionals	1.0
52	tagmee.topn3	avp Association of Volleyball Professionals	0.3333
52	conceptluster.topn5.3.bm25	avp association volleyball professionals univers wand us math hunt	0.25
53	-1	discovery channel store	0.3333
53	relevancefeedback.topn10.bm25	discovery channel store discoveri space isn planet tv gift	1.0
53	conceptnet.topn3	discovery channel store disclosure department market	0.5
54	-1	president of the united states	0.0714
54	stem.trunc5	presi of the unite state	1.0
54	relevancefeedback.topn10.qld	president of the united states state larg articl shall	0.5
54	conceptnet.topn3	president united states leader nation country	0.3333
54	wiki.topn3.replace	presidency united states cabinet united states democratiparty vice presidents united states president united states	0.2
54	relevancefeedback.topn10.bm25	president of the united states you constitut myanmar american state	0.1667
54	wiki.topn3	president united states presidency united states cabinet united states democratiparty vice presidents united states president united states	0.1667
54	sensedisambiguation	president president of the united states of the united states state	0.0833
55	-1	iron	0.0263
55	wordnet.topn3	iron smoothing iron atomic number	0.1667
55	wordnet.topn3.replace	smoothing iron atomic number	0.1
56	-1	uss yorktown charleston sc	0.0141
56	tagmee.topn3.replace	USS Yorktown CV Charleston South Carolina	0.0667
56	bertqe.topn10.qld	yorktown jcpenni yorktown yorktown theater	0.0625
56	tagmee.topn3	uss yorktown charleston sc USS Yorktown CV Charleston South Carolina	0.0556
56	conceptluster.topn5.3.bm25	uss yorktown charleston sc charleston south carolina uss yorktown cv univers wand us math hunt	0.0526
56	relevancefeedback.topn10.bm25	uss yorktown charleston sc carolina program aircraft pleasant discharg museum	0.0455
56	conceptluster.topn5.3.qld	uss yorktown charleston sc charleston south carolina uss yorktown cv depauw colleg mi	0.037
56	docluster.topn10.3.bm25	uss yorktown charleston sc univers wand us math hunt we can annapoli danc data	0.0333
56	relevancefeedback.topn10.qld	uss yorktown charleston sc n pleasant aircraft carolina	0.0238
56	wordnet.topn3	uss yorktown charleston sc US USA United States siege of Yorktown capital of West Virginia scandium South Carolina	0.0213
57	-1	ct jobs	1.0
58	-1	penguins	0.2
58	conceptluster.topn5.3.bm25	penguins univers wand us math hunt	0.3333
58	termluster.topn5.3.bm25	penguins univers wand us math hunt	0.3333
59	-1	how to build a fence	0.1
59	relevancefeedback.topn10.bm25	how to build a fence fenc shed you dog weapon	1.0
59	conceptnet.topn3	build fence construct a board make gate get an sword post	0.3333
59	relevancefeedback.topn10.qld	how to build a fence fenc home	0.2
59	tagmee.topn3	build fence	0.2
59	thesaurus.topn3	build fence	0.2
59	thesaurus.topn3.replace	build fence	0.2
59	wiki.topn3	build fence	0.2
59	word2vec.topn3	build fence develop construct create rabbit proof split rail	0.2
59	sensedisambiguation.replace	how to construct a fence	0.1111
60	-1	bellevue	0.1
60	bt_nllb_russian	I m going to the Bellevue	0.25
60	relevancefeedback.topn10.qld	bellevue turn bellevu p m event estat wa car	0.2
61	-1	worm	0.0435
61	wordnet.topn3	worm writhe wriggle louse	0.1
61	word2vec.topn3.replace	Welchia	0.0625
62	-1	texas border patrol	0.25
62	relevancefeedback.topn10.bm25	texas border patrol immigr sai comment	1.0
62	wiki.topn3	texas border patrol texas states confederate states america louisiana texas united states border patrol el paso intelligenccenter u s customs border protection united states border patrol	1.0
62	wiki.topn3.replace	texas states confederate states america louisiana texas united states border patrol el paso intelligenccenter u s customs border protection united states border patrol	1.0
62	bt_nllb_swahili	Texas border security	0.3333
62	tagmee.topn3.replace	Texas United States Border Patrol	0.3333
62	wordnet.topn3	texas border patrol Lone Star State TX boundary line molding skirt police	0.3333
63	-1	flushing	0.0526
63	conceptluster.topn5.3.bm25	flushing flushing queens c print dropbox read team	0.25
63	tagmee.topn3	flushing Flushing Queens	0.25
63	tagmee.topn3.replace	Flushing Queens	0.25
63	conceptluster.topn5.3.qld	flushing flushing queens c	0.2
63	glove.topn3	flushing queens meadows	0.0625
64	-1	moths	0.1667
64	relevancefeedback.topn10.qld	moths juego sp moth her bat	0.3333
65	-1	korean language	1.0
66	-1	income tax return online	0.0123
66	termluster.topn5.3.bm25	income tax return online c print dropbox read team	0.0303
66	docluster.topn10.3.bm25	income tax return online c print dropbox read team set imag	0.0263
66	bt_nllb_chinese_yue	Tax returns online	0.0175
67	-1	vldl levels	0.1429
67	conceptnet.topn3	vldl levels very low density lipoprotein biochemistry	1.0
67	conceptnet.topn3.replace	very low density lipoprotein biochemistry levels	1.0
67	glove.topn3	vldl levels chylomicrons mangxamba increases	1.0
67	glove.topn3.replace	chylomicrons mangxamba increases	1.0
67	termluster.topn5.3.bm25	vldl levels c print dropbox read team	1.0
67	word2vec.topn3.replace	vldl concentrations	1.0
67	conceptluster.topn5.3.qld	vldl levels low density lipoprotein c	0.5
67	stem.trunc4	vldl leve	0.5
67	wordnet.topn3	vldl levels very low density lipoprotein horizontal surface tear down	0.3333
67	conceptluster.topn5.3.bm25	vldl levels low density lipoprotein c print dropbox read team	0.25
67	tagmee.topn3	vldl levels Very low density lipoprotein	0.25
67	sensedisambiguation	vldl very low density lipoprotein levels level	0.2
67	sensedisambiguation.replace	very low density lipoprotein level	0.2
67	word2vec.topn3	vldl levels concentrations	0.2
67	docluster.topn10.3.bm25	vldl levels c print dropbox read team set imag	0.1667
68	-1	pvc	0.25
68	wordnet.topn3	pvc premature ventricular contraction polyvinyl chloride	1.0
68	wordnet.topn3.replace	premature ventricular contraction polyvinyl chloride	1.0
68	conceptluster.topn5.3.bm25	pvc polyvinyl chloride c print dropbox read team	0.3333
68	tagmee.topn3	pvc Polyvinyl chloride	0.3333
69	-1	sewing instructions	0.25
70	-1	to be or not to be that is the question	0.0
71	-1	living in india	0.0
71	word2vec.topn3	living india non living pakistan indian nepal	1.0
71	conceptnet.topn3	living india home room house a temple a country in Asia a very populous country	0.25
71	word2vec.topn3.replace	non living pakistan indian nepal	0.25
71	glove.topn3	living india indian pakistan	0.1111
71	wiki.topn3	living india states territories established india hindustani speaking countries territories india	0.1
71	wiki.topn3.replace	states territories established india hindustani speaking countries territories india	0.0714
71	glove.topn3.replace	living indian pakistan	0.0625
71	wordnet.topn3	living india populate dwell experience Republic of India Bharat	0.0455
71	relevancefeedback.topn10.qld	living in india object live exam hplc bangalor tv	0.0345
71	wordnet.topn3.replace	populate dwell experience Republic of India Bharat	0.0323
71	tagmee.topn3	living india India	0.0286
71	bt_nllb_chinese_yue	I live in India	0.0154
71	bt_nllb_korean	I live in India	0.0154
71	conceptluster.topn5.3.bm25	living india india energi acceler object	0.0108
72	-1	the sun	0.0
72	glove.topn3	sun bright sky	0.037
72	sensedisambiguation	the sun sunlight	0.0357
72	word2vec.topn3	sun sunlight sunshine sun	0.0185
72	word2vec.topn3.replace	sunlight sunshine sun	0.012
73	-1	neil young	1.0
74	-1	kiwi	0.0103
74	word2vec.topn3	kiwi kiwifruit	1.0
74	word2vec.topn3.replace	kiwifruit	0.5
74	conceptnet.topn3	kiwi edible fruit	0.1111
74	wordnet.topn3	kiwi apteryx Chinese gooseberry Actinidia deliciosa	0.0278
74	wordnet.topn3.replace	apteryx Chinese gooseberry Actinidia deliciosa	0.0192
75	-1	tornadoes	0.0833
75	bt_nllb_korean	I m going to have a tornado	1.0
75	bertqe.topn10.qld	search on earliest photograph tornado	0.3333
75	word2vec.topn3	tornadoes twisters	0.3333
75	conceptnet.topn3	tornadoes dangerous go to the basement a hurricane	0.1667
75	glove.topn3	tornadoes storms	0.1667
75	relevancefeedback.topn10.qld	tornadoes mo tornado ia	0.0909
76	-1	raised gardens	0.1667
76	conceptnet.topn3	raised gardens upraised up grow vegetables grow flowers plant	0.5
76	bt_nllb_french	and gardens raised high	0.2
76	conceptluster.topn5.3.qld	raised gardens air	0.2
76	termluster.topn5.3.qld	raised gardens air	0.2
77	-1	bobcat	0.1667
78	-1	dieting	0.0127
78	wiki.topn3	dieting food faddism junk food macrobiotic diet dieting	1.0
78	wiki.topn3.replace	food faddism junk food macrobiotic diet dieting	1.0
78	conceptluster.topn5.3.bm25	dieting dieting energi acceler object	0.0526
78	termluster.topn5.3.qld	dieting air	0.0172
78	conceptluster.topn5.3.qld	dieting dieting air	0.0169
79	-1	voyager	0.0196
79	wiki.topn3	voyager missions uranus missions neptune missions saturn voyager program	1.0
79	wiki.topn3.replace	missions uranus missions neptune missions saturn voyager program	1.0
79	conceptluster.topn5.3.bm25	voyager voyager program energi acceler object	0.25
79	tagmee.topn3.replace	Voyager program	0.1111
79	tagmee.topn3	voyager Voyager program	0.0588
79	relevancefeedback.topn10.bm25	voyager game world voyag r messag	0.0526
79	conceptluster.topn5.3.qld	voyager voyager program air	0.0455
79	word2vec.topn3	voyager explorer	0.0435
79	docluster.topn10.3.qld	voyager air hous travel object	0.027
80	-1	keyboard reviews	0.3333
80	conceptluster.topn5.3.bm25	keyboard reviews synthesizer review art system apprais f	1.0
80	conceptluster.topn5.3.qld	keyboard reviews synthesizer review perform apprais art how	1.0
80	glove.topn3	keyboard reviews synthesizer	1.0
80	glove.topn3.replace	synthesizer reviews	1.0
80	tagmee.topn3	keyboard reviews Synthesizer Review	1.0
80	tagmee.topn3.replace	Synthesizer Review	1.0
80	wordnet.topn3.replace	keyboard limited review recap critical review	1.0
80	word2vec.topn3	keyboard reviews keypad	0.5
81	-1	afghanistan	0.3333
81	bt_nllb_chinese_yue	Afghanistan is a country	1.0
81	anchor.topn3	afghanistan junbish عالی present	0.5
82	-1	joints	0.0179
82	glove.topn3	joints tendons aching	0.0714
82	word2vec.topn3	joints tendons muscles	0.0238
83	-1	memory	0.0
83	conceptnet.topn3	memory remembering something brain	0.3333
83	conceptnet.topn3.replace	remembering something brain	0.25
83	glove.topn3	memory remembering	0.0667
83	word2vec.topn3	memory recollection	0.04
84	-1	continental plates	1.0
85	-1	milwaukee journal sentinel	1.0
86	-1	bart sf	1.0
87	-1	who invented music	0.25
87	conceptnet.topn3	invented music dance record rock	1.0
87	conceptnet.topn3.replace	invented dance record rock	1.0
87	tagmee.topn3	invented music The Who The Music	1.0
87	thesaurus.topn3	invented music	1.0
87	thesaurus.topn3.replace	invented music	1.0
88	-1	forearm pain	0.0833
88	glove.topn3	forearm pain elbow wrist discomfort suffering	0.3333
88	relevancefeedback.topn10.bm25	forearm pain drug elbow your us health golfer sharp	0.3333
88	anchor.topn3	forearm pain extensors brachioradialis anconeus shahabiyeh danshur beyahi	0.25
88	conceptnet.topn3	forearm pain arm hurt feeling sensation	0.25
88	word2vec.topn3	forearm pain wrist elbow discomfort suffering agony	0.25
88	glove.topn3.replace	elbow wrist discomfort suffering	0.1667
88	bt_nllb_korean	Pain in the elbow	0.1429
89	-1	ocd	0.5
89	conceptluster.topn5.3.qld	ocd obsessive compulsive disorder perform apprais art how	1.0
89	wiki.topn3	ocd behavioral addiction substancusdisorder social anxiety disorder obsessive compulsive disorder	1.0
90	-1	mgb	0.0625
90	relevancefeedback.topn10.bm25	mgb part busi group regist british mine metro	0.25
91	-1	er tv show	0.5
91	conceptluster.topn5.3.bm25	er tv show er tv series television program figur auto direct game object	1.0
91	conceptluster.topn5.3.qld	er tv show television program er tv series part car	1.0
91	tagmee.topn3	er tv show ER TV series ER TV series Television program	1.0
91	tagmee.topn3.replace	ER TV series ER TV series Television program	1.0
92	-1	the wall	0.0
92	word2vec.topn3	wall wall brick	0.0102
93	-1	raffles	0.0833
94	-1	titan	0.0164
96	-1	rice	0.125
96	conceptnet.topn3	rice food grain white	1.0
97	-1	south africa	0.1667
97	bertqe.topn10.qld	south african nation cricket captain	0.5
97	wiki.topn3	south africa afrikaans speaking countries territories south africa bantu countries territories south africa	0.5
97	conceptnet.topn3	south africa in the south a continent a village an elephant	0.3333
97	wiki.topn3.replace	afrikaans speaking countries territories south africa bantu countries territories south africa	0.2
98	-1	sat	0.1111
99	-1	satellite	0.0
99	bertqe.topn10.qld	technolog space satellit amateur observ	0.125
99	wordnet.topn3	satellite artificial satellite planet	0.125
99	wordnet.topn3.replace	artificial satellite planet	0.1111
99	relevancefeedback.topn10.bm25	satellite satellit semant studi motion glonass	0.0667
99	glove.topn3	satellite launch	0.0625
99	glove.topn3.replace	launch	0.0256
101	-1	ritz carlton lake las vegas	1.0
102	-1	fickle creek farm	0.0455
103	-1	madam cj walker	0.5
103	bt_nllb_korean	Mother CJ Walker is here	1.0
103	docluster.topn10.3.bm25	madam cj walker death cellulos carbon restringido video life trivia obama organ	1.0
103	tagmee.topn3.replace	Madam C J Walker	1.0
103	termluster.topn5.3.bm25	madam cj walker death cellulos carbon restringido video	1.0
104	-1	indiana child support	0.1111
104	relevancefeedback.topn10.qld	indiana child support percent	1.0
104	conceptnet.topn3	indiana child support daughter toy column help a column	0.5
104	wiki.topn3	indiana child support indiana ohio cities indiana indiana noncustodial parent geduldig v aiello child abusprevention treatment act child support united states	0.5
104	wiki.topn3.replace	indiana ohio cities indiana indiana noncustodial parent geduldig v aiello child abusprevention treatment act child support united states	0.2
104	bt_nllb_german	Child support from Indiana	0.1429
104	conceptluster.topn5.3.qld	indiana child support indiana child support united states git object	0.125
105	-1	sonoma county medical services	1.0
106	-1	universal animal cuts reviews	0.1111
107	-1	cass county missouri	0.0435
107	conceptnet.topn3	cass county missouri cass county cassie MO	0.1
107	docluster.topn10.3.qld	cass county missouri git object trivia	0.1
108	-1	ralph owen brewster	1.0
109	-1	mayo clinic jacksonville fl	0.0102
109	conceptnet.topn3	mayo clinic jacksonville fl mayonnaise yukon territory eye clinic hospital Florida	0.0222
109	tagmee.topn3	mayo clinic jacksonville fl Mayo Clinic Jacksonville Florida	0.0156
109	conceptluster.topn5.3.qld	mayo clinic jacksonville fl mayo clinic jacksonville florida git object	0.0152
109	conceptluster.topn5.3.bm25	mayo clinic jacksonville fl mayo clinic jacksonville florida death cellulos carbon restringido video	0.0149
109	bt_nllb_arabic	The Mayo Jacksonville clinic in Florida	0.0119
109	bt_nllb_french	The Mayo Clinic in Jacksonville Florida	0.0119
109	tagmee.topn3.replace	Mayo Clinic Jacksonville Florida	0.0119
110	-1	map of brazil	1.0
111	-1	lymphoma in dogs	1.0
112	-1	kenmore gas water heater	0.0
113	-1	hp mini 2140	0.0
113	rm3.topn10.10.0.5.bm25	hp mini 2140	0.0345
113	rm3.topn10.10.0.5.qld	hp mini 2140	0.0345
114	-1	adobe indian houses	0.1
114	wiki.topn3	adobe indian houses buildings structures construction material adobe buildings structures pueblos adobe indigenous peoples united states native american topics native american history native americans united states houses residential area building house	0.5
114	relevancefeedback.topn10.bm25	adobe indian houses view fe san flash	0.1667
114	wiki.topn3.replace	buildings structures construction material adobe buildings structures pueblos adobe indigenous peoples united states native american topics native american history native americans united states houses residential area building house	0.1429
115	-1	pacific northwest laboratory	0.5
115	bt_nllb_arabic	Pacific Northwest lab	1.0
115	bt_nllb_persian	Pacific Northwest lab	1.0
115	wordnet.topn3	pacific northwest laboratory peaceable Pacific Ocean northwestward science lab lab	1.0
116	-1	california franchise tax board	0.1111
116	anchor.topn3	california franchise tax board california economi california histori california educ nutraceut roche dinkeloo omrania puissanc e technic azobisisobutyronitril servogear barbering	1.0
116	bt_nllb_french	The California Board of Franchise Taxation	1.0
116	bt_nllb_russian	California Council on Franchise Taxation	1.0
116	conceptnet.topn3	california franchise tax board a state a lizard a state in the USA enfranchisement government money payment wood plank flat	0.5
116	wordnet.topn3	california franchise tax board Calif CA dealership enfranchisement taxation revenue enhancement get on plank plug in	0.3333
116	bt_nllb_chinese_yue	The California Franchise Tax Agency	0.1667
116	bt_nllb_persian	The California Franchise Tax Agency	0.1667
116	relevancefeedback.topn10.qld	california franchise tax board franchis form view	0.1667
116	wiki.topn3	california franchise tax board unruh civil rights act ronald reagan day california proposition california franchise tax board	0.1667
116	glove.topn3	california franchise tax board calif oregon http www nwguild org income directors	0.1429
116	relevancefeedback.topn10.bm25	california franchise tax board hotel program staff form view busi usabl	0.1429
117	-1	dangers of asbestos	0.5
117	bt_nllb_chinese_yue	The harm of asbestos	1.0
117	bt_nllb_german	Hazards of asbestos	1.0
117	bt_nllb_malay	Asbestos hazards	1.0
117	conceptluster.topn5.3.qld	dangers asbestos risk asbestos git object	1.0
117	sensedisambiguation	dangers risk of asbestos	1.0
117	tagmee.topn3	dangers asbestos Risk Asbestos	1.0
117	word2vec.topn3	dangers asbestos perils hazards asbestos containing asbestos related	1.0
117	word2vec.topn3.replace	perils hazards asbestos containing asbestos related	1.0
117	wordnet.topn3	dangers asbestos peril risk	1.0
117	wordnet.topn3.replace	peril risk asbestos	1.0
118	-1	poem in your pocket day	1.0
119	-1	interview thank you	0.1111
120	-1	tv on computer	0.0909
120	glove.topn3	tv computer television broadcast software	0.5
120	tagmee.topn3	tv computer Television Computer	0.1667
121	-1	sit and reach test	0.25
121	word2vec.topn3	sit reach test sat stand attain	0.3333
122	-1	culpeper national cemetery	0.0455
122	docluster.topn10.3.bm25	culpeper national cemetery death cellulos carbon restringido video life trivia obama organ	0.5
122	termluster.topn5.3.bm25	culpeper national cemetery death cellulos carbon restringido video	0.5
122	conceptluster.topn5.3.bm25	culpeper national cemetery culpeper national cemetery death cellulos carbon restringido video	0.05
122	stem.paicehusk	culpep nat cemetery	0.05
122	anchor.topn3	culpeper national cemetery sozialisten national noodzaak paris span	0.0476
122	word2vec.topn3	culpeper national cemetery regional international local graves	0.0476
123	-1	von willebrand disease	0.3333
123	conceptnet.topn3	von willebrand disease Erik Adolf von Willebrand illness	1.0
123	bt_nllb_chinese_yue	Von Willebrand s disease is the most common	0.5
123	docluster.topn10.3.bm25	von willebrand disease death cellulos carbon restringido video life trivia obama organ	0.5
123	glove.topn3	von willebrand disease heinrich wilhelm vwf hahnz illness	0.5
123	relevancefeedback.topn10.bm25	von willebrand disease dog bleed video diseas vwf	0.5
123	wiki.topn3	von willebrand disease von willebrand factor tracheomalacia lemierre s syndrome von willebrand disease	0.5
123	wordnet.topn3	von willebrand disease E A von Willebrand Erik von Willebrand	0.5
123	wordnet.topn3.replace	von E A von Willebrand Erik von Willebrand disease	0.5
124	-1	bowflex power pro	0.5
125	-1	butter and margarine	0.5
125	conceptnet.topn3	butter margarine a food the refrigerator yellow	1.0
125	conceptnet.topn3.replace	a food the refrigerator yellow margarine	1.0
125	stem.lovins	butter and margar	1.0
125	word2vec.topn3	butter margarine bread margarine butter	1.0
125	word2vec.topn3.replace	bread margarine butter	1.0
126	-1	us capitol map	0.0
126	wordnet.topn3	us capitol map u uracil Capitol Building mathematical function represent	0.1
126	wordnet.topn3.replace	u uracil Capitol Building mathematical function represent	0.0164
127	-1	dutchess county tourism	1.0
128	-1	atypical squamous cells	0.125
128	relevancefeedback.topn10.bm25	atypical squamous cells cell carcinoma hpv skin squamou cervic	0.5
128	bt_nllb_russian	Atypical flat cells	0.3333
128	sensedisambiguation	atypical squamous cells cellular telephone	0.3333
128	sensedisambiguation.replace	atypical squamous cellular telephone	0.25
128	termluster.topn5.3.bm25	atypical squamous cells death cellulos carbon restringido video	0.1429
129	-1	iowa food stamp program	0.0109
129	relevancefeedback.topn10.bm25	iowa food stamp program coin depart charl corn state nutrit kb	0.0204
129	tagmee.topn3	iowa food stamp program Iowa Supplemental Nutrition Assistance Program	0.0182
129	conceptluster.topn5.3.bm25	iowa food stamp program iowa supplemental nutrition assistance program death cellulos carbon restringido video	0.0175
129	conceptluster.topn5.3.qld	iowa food stamp program iowa supplemental nutrition assistance program git object	0.0175
129	bt_nllb_swahili	Iowa s food hand program	0.0167
129	relevancefeedback.topn10.qld	iowa food stamp program depart state coin notic	0.0127
129	anchor.topn3	iowa food stamp program iowa histori iowa educ mus catin neophobia food foods cross solfar postag neopost web en programming attack programming kbounc programming histori	0.0115
130	-1	fact on uranus	1.0
131	-1	equal opportunity employer	0.0217
131	relevancefeedback.topn10.bm25	equal opportunity employer action district hyanni engin nsw employ disabl	1.0
131	stem.porter2	equal opportun employ	0.1
131	relevancefeedback.topn10.qld	equal opportunity employer women action practic employ	0.0455
132	-1	mothers day songs	0.1
132	sensedisambiguation	mothers mother day songs sung	1.0
132	sensedisambiguation.replace	mother day sung	1.0
132	word2vec.topn3	mothers day songs fathers moms babies week night month tunes lyrics	0.5
132	relevancefeedback.topn10.qld	mothers day songs dai mother i song	0.1667
132	bt_nllb_arabic	Mother s day songs	0.125
132	bt_nllb_chinese_yue	Mother s Day song	0.125
132	bt_nllb_french	songs for Mother s Day	0.125
132	bt_nllb_german	Mother s day songs	0.125
132	bt_nllb_korean	Mother s day song	0.125
132	bt_nllb_malay	Mother s day song	0.125
132	bt_nllb_persian	Mother s Day songs	0.125
132	bt_nllb_russian	Mother s Day songs	0.125
132	bt_nllb_swahili	Mother s day songs	0.125
132	bt_nllb_tamil	Mother s Day songs	0.125
132	docluster.topn10.3.qld	mothers day songs git object trivia	0.125
133	-1	all men are created equal	1.0
134	-1	electronic skeet shoot	0.0
135	-1	source of the nile	0.0
135	conceptluster.topn5.3.qld	source nile nile git object	0.0123
136	-1	american military university	0.0
137	-1	rock and gem shows	1.0
138	-1	jax chemical company	1.0
139	-1	rocky mountain news	0.0323
139	wiki.topn3.replace	defunct newspapers colorado thdenver post media denver colorado rocky mountain news	0.3333
139	wiki.topn3	rocky mountain news defunct newspapers colorado thdenver post media denver colorado rocky mountain news	0.25
139	bt_nllb_arabic	News from the Rockies	0.0769
139	docluster.topn10.3.bm25	rocky mountain news death cellulos carbon restringido video life trivia obama organ	0.0667
139	conceptluster.topn5.3.bm25	rocky mountain news rocky mountain news death cellulos carbon restringido video	0.0385
140	-1	east ridge high school	0.0
141	-1	va dmv registration	0.0833
141	relevancefeedback.topn10.qld	va dmv registration form vehicl driver	0.5
141	sensedisambiguation.replace	virginia dmv registration	0.25
141	termluster.topn5.3.bm25	va dmv registration death cellulos carbon restringido video	0.25
141	glove.topn3	va dmv registration doo mah sihp js bohld voter identification	0.2
141	sensedisambiguation	va virginia dmv registration	0.2
141	stem.lovins	va dmv register	0.1667
141	relevancefeedback.topn10.bm25	va dmv registration form you servic oa chang vehicl	0.1429
141	word2vec.topn3	va dmv registration veut uning doit cdl nys dvla registering	0.1429
141	stem.paicehusk	va dmv reg	0.125
142	-1	illinois state tax	0.25
142	bt_nllb_chinese_yue	Illinois tax rate	1.0
143	-1	arkadelphia health club	0.0
144	-1	trombone for sale	0.2
144	conceptnet.topn3	trombone sale discount price	1.0
144	relevancefeedback.topn10.bm25	trombone for sale guitar item book drum mp duke bell	0.5
144	wordnet.topn3	trombone sale sales event sales agreement	0.5
144	wordnet.topn3.replace	trombone sales event sales agreement	0.5
144	wiki.topn3	trombone sale trumpet doublbass clarinet trombone	0.3333
144	conceptnet.topn3.replace	trombone discount price	0.25
144	glove.topn3	trombone sale saxophone clarinet sell purchase	0.25
145	-1	vines for shade	0.2
145	anchor.topn3	vines shade phlox situations html css	1.0
145	glove.topn3	vines shade grapevines	1.0
145	relevancefeedback.topn10.bm25	vines for shade barn flower your root draw	1.0
145	conceptnet.topn3	vines shade sun tree under	0.25
146	-1	sherwood regional library	0.5
147	-1	tangible personal property tax	1.0
148	-1	martha stewart and imclone	1.0
149	-1	uplift at yellowstone national park	0.1667
149	glove.topn3	uplift yellowstone national park js em yosemite elk public adjacent	1.0
149	word2vec.topn3	uplift yellowstone national park yosemite supervolcano super volcano regional international local parkland	1.0
149	word2vec.topn3.replace	uplift yosemite supervolcano super volcano regional international local parkland	0.5
149	wiki.topn3	uplift yellowstone national park continental crust basement geology sedimentary basin tectonic uplift national parks montana national parks idaho protected areas established yellowstone national park	0.3333
149	wordnet.topn3	uplift yellowstone national park lift up elate Yellowstone River interior home internal green ballpark common	0.3333
149	conceptnet.topn3	uplift yellowstone national park upheaval Montana flag	0.25
149	sensedisambiguation	uplift at yellowstone national park parking lot	0.25
150	-1	tn highway patrol	0.0244
150	relevancefeedback.topn10.bm25	tn highway patrol state crash safeti new offic	0.0435
150	sensedisambiguation	tn tennessee highway patrol	0.0303
151	-1	403b	0.0
151	rm3.topn10.10.0.5.bm25	403b	1.0
151	rm3.topn10.10.0.5.qld	403b	1.0
151	wiki.topn3	b plan federal employees retirement system roth k b	1.0
151	word2vec.topn3.replace	participant directed retirement savings	0.5
151	word2vec.topn3	b participant directed retirement savings	0.3333
151	relevancefeedback.topn10.bm25	b plan r form sai loan contribut download	0.05
151	wiki.topn3.replace	plan federal employees retirement system roth k b	0.0238
152	-1	angular cheilitis	0.0
153	-1	pocono	0.3333
154	-1	figs	0.0909
154	bt_nllb_tamil	The fig trees	1.0
155	-1	last supper painting	1.0
156	-1	university of phoenix	0.5
156	bt_nllb_tamil	The University of Phoenix is a public research university	1.0
156	word2vec.topn3	university phoenix college campus pheonix firebird	1.0
157	-1	the beatles rock band	0.1667
157	conceptluster.topn5.3.qld	beatles rock band beatles album beatles rock band git object	0.5
157	docluster.topn10.3.qld	the beatles rock band git object trivia	0.5
157	glove.topn3	beatles rock band lennon mccartney band pop album	0.5
157	glove.topn3.replace	lennon mccartney band pop album	0.5
157	sensedisambiguation	the beatles rock band set	0.3333
157	termluster.topn5.3.qld	beatles rock band git object	0.3333
157	conceptluster.topn5.3.bm25	beatles rock band beatles rock band beatles album death cellulos carbon restringido video	0.2
158	-1	septic system design	1.0
159	-1	porterville	0.3333
159	conceptluster.topn5.3.qld	porterville porterville california git object	1.0
159	tagmee.topn3	porterville Porterville California	1.0
159	tagmee.topn3.replace	Porterville California	1.0
160	-1	grilling	0.0128
160	wiki.topn3	grilling seasoning deep frying condiment grilling	0.1667
160	wordnet.topn3	grilling broil broiling	0.0139
160	conceptnet.topn3	grilling cooking a good way too cook	0.0137
160	wiki.topn3.replace	seasoning deep frying condiment grilling	0.0132
161	-1	furniture for small spaces	0.037
161	wordnet.topn3	furniture small spaces piece of furniture article of furniture minor belittled distance infinite blank space	0.0455
161	sensedisambiguation	furniture for small spaces space	0.0417
162	-1	dnr	0.0833
162	conceptnet.topn3	dnr living will medicine	0.0909
163	-1	arkansas	0.025
163	bt_nllb_chinese_yue	The state of Arkansas USA	1.0
163	conceptnet.topn3	arkansas a state	0.1667
163	relevancefeedback.topn10.bm25	arkansas fifti arkansa function	0.0833
163	wiki.topn3	arkansas arkansas oklahoma tennessee arkansas	0.0714
163	wiki.topn3.replace	arkansas oklahoma tennessee arkansas	0.0333
163	wordnet.topn3.replace	AR Arkansas River	0.0333
164	-1	hobby stores	0.0556
164	bt_nllb_korean	It s a hobby shop	0.25
164	word2vec.topn3	hobby stores pastime hobbyist shops retailers	0.1667
165	-1	blue throated hummingbird	0.0286
166	-1	computer programming	0.0167
166	wordnet.topn3	computer programming data processor reckoner estimator programme scheduling	0.0556
166	word2vec.topn3	computer programming software programmers	0.0455
166	relevancefeedback.topn10.bm25	computer programming he franco cours system ecc java code math comput	0.0303
166	wiki.topn3	computer programming programming languages created lisp programming language distributed computing computer programming	0.0278
166	stem.porter	comput programm	0.025
166	conceptluster.topn5.3.bm25	computer programming computer programming death cellulos carbon restringido video	0.0238
166	sensedisambiguation	computer programming program	0.0213
167	-1	barbados	0.0294
167	wiki.topn3	barbados islands barbados barbados saint lucia barbados	0.1111
167	wiki.topn3.replace	islands barbados barbados saint lucia barbados	0.1111
167	conceptluster.topn5.3.bm25	barbados barbados death cellulos carbon restringido video	0.04
168	-1	lipoma	0.5
168	conceptluster.topn5.3.bm25	lipoma lipoma death cellulos carbon restringido video	1.0
169	-1	battles in the civil war	0.0345
169	docluster.topn10.3.bm25	battles in the civil war death cellulos carbon restringido video life trivia obama organ	0.0526
169	relevancefeedback.topn10.bm25	battles in the civil war errata map wallpap illinoi more eli	0.05
169	conceptluster.topn5.3.bm25	battles civil war battle civil war death cellulos carbon restringido video	0.0476
169	sensedisambiguation	battles conflict in the civil war	0.0435
169	termluster.topn5.3.bm25	battles civil war death cellulos carbon restringido video	0.04
170	-1	scooters	0.0
170	bertqe.topn10.qld	scooter toi product review price	0.2
170	relevancefeedback.topn10.qld	scooters kick store scooter razor	0.2
170	sensedisambiguation.replace	water scooter	0.1667
170	sensedisambiguation	scooters water scooter	0.1429
170	glove.topn3	scooters mopeds bicycles	0.0161
170	wordnet.topn3	scooters ice yacht motor scooter	0.0161
170	wordnet.topn3.replace	ice yacht motor scooter	0.0154
171	-1	ron howard	1.0
172	-1	becoming a paralegal	0.3333
173	-1	hip fractures	0.25
173	bt_nllb_malay	a broken hip	1.0
173	conceptnet.topn3	hip fractures rap torso	1.0
173	wiki.topn3	hip fractures thoracotomy arthroplasty slipped capital femoral epiphysis hip fracture	1.0
173	wiki.topn3.replace	thoracotomy arthroplasty slipped capital femoral epiphysis hip fracture	1.0
173	word2vec.topn3	hip fractures knee hip osteoporotic	1.0
173	conceptnet.topn3.replace	rap torso fractures	0.5
173	termluster.topn5.3.qld	hip fractures git object	0.5
173	relevancefeedback.topn10.qld	hip fractures fractur diabet score j	0.3333
174	-1	rock art	0.1111
174	conceptluster.topn5.3.bm25	rock art rock art death cellulos carbon restringido video	1.0
174	conceptnet.topn3	rock art music stone painting paint paintings	1.0
174	conceptluster.topn5.3.qld	rock art rock art git object	0.5
174	wiki.topn3	rock art cavpainting petroglyph caves containing pictograms rock art	0.5
174	wordnet.topn3	rock art shake rock and roll tilt artistic creation fine art artistic production	0.5
174	wiki.topn3.replace	cavpainting petroglyph caves containing pictograms rock art	0.3333
174	sensedisambiguation	rock art artwork	0.25
175	-1	signs of a heartattack	1.0
176	-1	weather strip	0.0
176	tagmee.topn3.replace	Weatherstripping	1.0
176	conceptluster.topn5.3.qld	weather strip weatherstripping git object	0.0833
176	tagmee.topn3	weather strip Weatherstripping	0.0833
176	conceptluster.topn5.3.bm25	weather strip weatherstripping death cellulos carbon restringido video	0.0435
176	wiki.topn3	weather strip cryogenic deflashing heat fusion melt manufacturing weatherstripping	0.0147
177	-1	best long term care insurance	0.0435
177	stem.trunc4	best long term care insu	0.5
177	wordnet.topn3	best long term care insurance outdo in force ripe prospicient foresightful terminal figure full term tutelage give care policy insurance policy	0.5
177	glove.topn3	best long term care insurance well better short longer means health healthcare premiums	0.25
177	wordnet.topn3.replace	outdo in force ripe prospicient foresightful terminal figure full term tutelage give care policy insurance policy	0.25
177	conceptnet.topn3	best long term care insurance good better dog dress ago rifle quantity love loving concern expensive health insurance	0.2
177	sensedisambiguation	best better long term terminus care concern insurance policy	0.2
177	bt_nllb_swahili	Best long term insurance service	0.1111
177	relevancefeedback.topn10.bm25	best long term care insurance insur ltc home	0.1
177	bertqe.topn10.bm25	think long term care insur	0.0909
177	wiki.topn3	best long term care insurance capitation healthcare primary carcasmanagement point servicplan long term care insurance	0.0833
177	termluster.topn5.3.bm25	best long term care insurance death cellulos carbon restringido video	0.0714
177	bt_nllb_chinese_yue	The best long term insurance	0.0588
177	word2vec.topn3	best long term care insurance worst finest easiest short lengthy long phrase care premiums	0.0556
177	conceptluster.topn5.3.bm25	best long term care insurance long term care insurance death cellulos carbon restringido video	0.05
177	wiki.topn3.replace	capitation healthcare primary carcasmanagement point servicplan long term care insurance	0.05
178	-1	pork tenderloin	0.0667
178	relevancefeedback.topn10.qld	pork tenderloin davita	1.0
178	relevancefeedback.topn10.bm25	pork tenderloin davita recip grill	0.2
178	wordnet.topn3	pork tenderloin pork barrel porc combat zone undercut	0.0714
179	-1	black history	0.0333
179	relevancefeedback.topn10.qld	black history pc method histori object american white	0.5
179	bt_nllb_chinese_yue	The history of the Negroes	0.0769
180	-1	newyork hotels	0.125
180	bt_nllb_arabic	The hotels in New York	0.5
180	bt_nllb_french	hotels in New York	0.5
180	bt_nllb_german	Hotels in New York	0.5
180	bt_nllb_korean	The New York Hotel	0.5
180	bt_nllb_malay	hotel in New York	0.5
180	bt_nllb_persian	The hotels in New York	0.5
180	bt_nllb_russian	hotels in New York	0.5
180	bt_nllb_swahili	hotels in New York	0.5
181	-1	old coins	0.1429
182	-1	quit smoking	0.1111
182	bertqe.topn10.qld	you can quit smoke free	1.0
182	termluster.topn5.3.bm25	quit smoking death cellulos carbon restringido video	1.0
182	bt_nllb_korean	Stop smoking	0.5
182	bt_nllb_malay	Stop smoking	0.5
182	bt_nllb_persian	Stop smoking	0.5
182	bt_nllb_tamil	Stop smoking	0.5
182	docluster.topn10.3.bm25	quit smoking death cellulos carbon restringido video life trivia obama organ	0.5
182	glove.topn3.replace	quit smokers tobacco	0.5
182	wiki.topn3	quit smoking sertraline chronic pain fibromyalgia smoking cessation addiction habits tobacco smoking smoking	0.5
182	wiki.topn3.replace	sertraline chronic pain fibromyalgia smoking cessation addiction habits tobacco smoking smoking	0.5
182	wordnet.topn3	quit smoking throw in stop take leave fume	0.5
182	conceptluster.topn5.3.bm25	quit smoking smoking smoking cessation death cellulos carbon restringido video	0.25
182	glove.topn3	quit smoking smokers tobacco	0.25
182	stem.lovins	quit smok	0.1667
182	stem.paicehusk	quit smok	0.1667
182	stem.trunc4	quit smok	0.1667
182	tagmee.topn3	quit smoking Smoking cessation Smoking	0.1667
182	tagmee.topn3.replace	Smoking cessation Smoking	0.1667
182	conceptluster.topn5.3.qld	quit smoking smoking smoking cessation git object	0.1429
183	-1	kansas city mo	0.0112
183	wiki.topn3	kansas city mo kansas missouri nebraska kansas cities platte county missouri cities cass county missouri cities jackson county missouri kansas city missouri	0.5
183	wiki.topn3.replace	kansas missouri nebraska kansas cities platte county missouri cities cass county missouri cities jackson county missouri kansas city missouri	0.5
183	tagmee.topn3.replace	Kansas Kansas City Missouri	0.04
183	relevancefeedback.topn10.bm25	kansas city mo ca car psychiatr servic architectur archaeolog hotel	0.0385
183	wordnet.topn3	kansas city mo KS Sunflower State Kansas River metropolis urban center second minute	0.0227
183	conceptluster.topn5.3.qld	kansas city mo kansas city missouri kansas git object	0.0169
183	tagmee.topn3	kansas city mo Kansas Kansas City Missouri	0.0169
183	conceptluster.topn5.3.bm25	kansas city mo kansas kansas city missouri death cellulos carbon restringido video	0.0159
184	-1	civil right movement	0.0769
184	wiki.topn3	civil right movement rights civil liberties anti racism civil political rights united nations charter freedom assembly territorial integrity freedom movement	1.0
184	wiki.topn3.replace	rights civil liberties anti racism civil political rights united nations charter freedom assembly territorial integrity freedom movement	1.0
184	tagmee.topn3.replace	Civil and political rights Freedom of movement	0.5
184	conceptluster.topn5.3.bm25	civil right movement civil political rights freedom movement death cellulos carbon restringido video	0.1667
184	sensedisambiguation	civil right right field movement drift	0.1667
184	relevancefeedback.topn10.bm25	civil right movement disabl commiss http men govern book you philadelphia feder	0.125
184	tagmee.topn3	civil right movement Civil and political rights Freedom of movement	0.1111
184	conceptluster.topn5.3.qld	civil right movement civil political rights freedom movement git object	0.1
185	-1	credit report	0.0154
185	bertqe.topn10.qld	wikiansw credit report question includ	0.125
185	sensedisambiguation	credit recognition report reputation	0.0625
185	relevancefeedback.topn10.qld	credit report inform	0.0417
185	conceptnet.topn3	credit report charge card school paper	0.0345
185	wordnet.topn3.replace	credit rating acknowledgment cite news report study account	0.0312
185	tagmee.topn3	credit report Credit history	0.025
185	conceptluster.topn5.3.qld	credit report credit history git object	0.0244
185	wordnet.topn3	credit report credit rating acknowledgment cite news report study account	0.0222
185	conceptluster.topn5.3.bm25	credit report credit history death cellulos carbon restringido video	0.0179
186	-1	unc	0.0714
186	anchor.topn3	unc unc spartans shore lij	0.3333
186	docluster.topn10.3.bm25	unc death cellulos carbon restringido video life trivia obama organ	0.125
187	-1	vanuatu	0.1667
187	wiki.topn3	vanuatu vanuatu samoa palau vanuatu	0.5
187	word2vec.topn3	vanuatu andaman alexandre oia	0.5
187	wiki.topn3.replace	vanuatu samoa palau vanuatu	0.25
187	wordnet.topn3	vanuatu Republic of Vanuatu New Hebrides	0.25
187	wordnet.topn3.replace	Republic of Vanuatu New Hebrides	0.25
187	anchor.topn3	vanuatu fiji botswana tanzania	0.2
188	-1	internet phone service	0.0
188	bertqe.topn10.qld	phone call via internet internet	0.0185
188	tagmee.topn3	internet phone service Voice over IP	0.0139
188	conceptluster.topn5.3.qld	internet phone service voice ip git object	0.0128
188	sensedisambiguation	internet phone telephone service servicing	0.0119
189	-1	gs pay rate	0.0323
190	-1	brooks brothers clearance	0.2
190	bt_nllb_korean	The Brooks Brothers are promoted	1.0
190	relevancefeedback.topn10.qld	brooks brothers clearance brook off brother knitwear cash save	1.0
191	-1	churchill downs	0.1429
191	wiki.topn3	churchill downs horse racing venues kentucky calumet farm keeneland churchill downs	1.0
191	conceptluster.topn5.3.qld	churchill downs churchill downs git object	0.1667
192	-1	condos in florida	0.0588
192	relevancefeedback.topn10.bm25	condos in florida disnei	0.2
192	stem.trunc5	condo in flori	0.1667
192	wordnet.topn3	condos florida condominium Sunshine State FL	0.1111
192	glove.topn3	condos florida condominiums miami fla	0.0909
192	sensedisambiguation	condos condominium in florida	0.0909
192	conceptluster.topn5.3.qld	condos florida florida condominium git object	0.0769
192	tagmee.topn3	condos florida Condominium Florida	0.0769
192	conceptluster.topn5.3.bm25	condos florida florida condominium death cellulos carbon restringido video	0.0714
193	-1	dog clean up bags	1.0
194	-1	designer dog breeds	1.0
195	-1	pressure washers	0.0
195	relevancefeedback.topn10.bm25	pressure washers pressur nozzl price unload liter	0.1667
195	docluster.topn10.3.bm25	pressure washers death cellulos carbon restringido video life trivia obama organ	0.0625
195	conceptluster.topn5.3.bm25	pressure washers death cellulos carbon restringido video	0.0286
195	termluster.topn5.3.bm25	pressure washers death cellulos carbon restringido video	0.0286
195	relevancefeedback.topn10.qld	pressure washers wand washer unload pressur kranzl liter	0.0127
196	-1	sore throat	0.5
196	relevancefeedback.topn10.qld	sore throat symptom antibiot	1.0
196	stem.trunc4	sore thro	1.0
197	-1	idaho state flower	0.5
197	conceptluster.topn5.3.bm25	idaho state flower idaho floral emblem death cellulos carbon restringido video	1.0
197	conceptluster.topn5.3.qld	idaho state flower floral emblem idaho git object	1.0
197	tagmee.topn3	idaho state flower Idaho Floral emblem	1.0
197	tagmee.topn3.replace	Idaho Floral emblem	1.0
197	wiki.topn3	idaho state flower idaho montana montana idaho john bellenden ker gawler magnolia campbellii list tregenera floral emblem	1.0
197	wiki.topn3.replace	idaho montana montana idaho john bellenden ker gawler magnolia campbellii list tregenera floral emblem	1.0
198	-1	indiana state fairgrounds	0.25
198	bt_nllb_malay	Indiana state fair park	1.0
198	conceptluster.topn5.3.bm25	indiana state fairgrounds indiana state fair death cellulos carbon restringido video	1.0
198	conceptluster.topn5.3.qld	indiana state fairgrounds indiana state fair git object	1.0
198	relevancefeedback.topn10.bm25	indiana state fairgrounds barn live school skate coliseum dai i	1.0
198	relevancefeedback.topn10.qld	indiana state fairgrounds fairground live school coliseum skate iac	1.0
198	tagmee.topn3	indiana state fairgrounds Indiana State Fair	1.0
198	wordnet.topn3	indiana state fairgrounds Hoosier State IN body politic express submit	1.0
198	wordnet.topn3.replace	Hoosier State IN body politic express submit fairgrounds	1.0
199	-1	fybromyalgia	0.3333
199	bertqe.topn10.qld	leon chaitow fibromyalgia muscl pain	1.0
199	conceptluster.topn5.3.bm25	fybromyalgia fibromyalgia death cellulos carbon restringido video	1.0
199	conceptluster.topn5.3.qld	fybromyalgia fibromyalgia git object	1.0
199	relevancefeedback.topn10.bm25	fybromyalgia i elavil fibromyalgia medic depress wheat http trial	1.0
199	relevancefeedback.topn10.qld	fybromyalgia i elavil fibromyalgia fm trial	1.0
199	tagmee.topn3	fybromyalgia Fibromyalgia	1.0
199	wiki.topn3	fybromyalgia urinary incontinence chronic pain comorbidity fibromyalgia	1.0
199	bt_nllb_french	fibromyalgia	0.5
199	bt_nllb_german	Fibromyalgia	0.5
199	bt_nllb_malay	Fibromyalgia	0.5
199	bt_nllb_persian	Fibromyalgia	0.5
199	bt_nllb_russian	Fibromyalgia	0.5
199	tagmee.topn3.replace	Fibromyalgia	0.5
200	-1	ontario california airport	0.1111
200	word2vec.topn3	ontario california airport alberta manitoba saskatchewan florida texas arizona airfield	0.5
