,qid,order,query,qld.recip_rank
0,1,-1,obama family tree,0.0
1,1,glove.topn3,obama family tree barack mccain father pine,1.0
2,1,wiki.topn3,obama family tree stanley armour dunham madelyn dunham barack obama sr family barack obama,1.0
3,1,conceptluster.topn5.3.bm25,obama family tree family barack obama death cellulos carbon restringido video,0.5
4,1,conceptluster.topn5.3.qld,obama family tree family barack obama git object,0.5
5,1,tagmee.topn3,obama family tree Family of Barack Obama,0.5
6,1,word2vec.topn3,obama family tree bama barack relatives tree,0.5
7,1,anchor.topn3,obama family tree barack obama strichnocera mekubetzet tree stern s diatomic sequ ssm a,0.3333
8,1,conceptnet.topn3,obama family tree Barack Hussein Obama obamaton obamacrat home group branch squirrel wood,0.25
9,1,anchor.topn3.replace,barack obama strichnocera family mekubetzet tree stern s diatomic sequ ssm a,0.2
10,1,wiki.topn3.replace,stanley armour dunham madelyn dunham barack obama sr family barack obama,0.2
11,1,tagmee.topn3.replace,Family of Barack Obama,0.1429
12,1,sensedisambiguation.replace,obama syndicate tree,0.0152
13,1,word2vec.topn3.replace,bama barack relatives tree,0.0149
14,10,-1,cheap internet,0.25
15,10,word2vec.topn3,cheap internet inexpensive low cost online intenet,1.0
16,10,word2vec.topn3.replace,inexpensive low cost online intenet,1.0
17,11,-1,gmat prep classes,0.5
18,11,anchor.topn3,gmat prep classes al mojzel baico crosswat preparatori prep oahu,1.0
19,11,bertqe.topn10.bm25,studi guid gmat mathprep corpor,1.0
20,11,bertqe.topn10.qld,mlic manhattan gmat prep class,1.0
21,11,bt_bing_malay,GMAT preparatory classes,1.0
22,11,bt_bing_persian,GMAT Preparatory Classes,1.0
23,11,bt_bing_russian,GMAT Preparation Classes,1.0
24,11,bt_bing_tamil,GMAT Preparation Classes,1.0
25,11,bt_nllb_malay,Gmat preparation class,1.0
26,11,bt_nllb_swahili,a preparation class for gmat,1.0
27,11,conceptluster.topn5.3.qld,gmat prep classes preschool graduate management admission test social class git object,1.0
28,11,docluster.topn10.3.qld,gmat prep classes git object trivia,1.0
29,11,sensedisambiguation,gmat prep homework classes course,1.0
30,11,termluster.topn5.3.qld,gmat prep classes git object,1.0
31,11,wordnet.topn3,gmat prep classes homework preparation form assort separate,1.0
32,12,-1,djs,0.25
33,12,bt_bing_chinese_simplified,DJ service,0.5
34,12,conceptnet.topn3,djs deejays,0.5
35,12,glove.topn3,djs deejays,0.5
36,12,sensedisambiguation,djs disk jockey,0.5
37,12,sensedisambiguation.replace,disk jockey,0.5
38,12,word2vec.topn3,djs deejays,0.5
39,12,wordnet.topn3,djs disc jockey disk jockey,0.5
40,12,wordnet.topn3.replace,disc jockey disk jockey,0.5
41,13,-1,map,0.5
42,14,-1,dinosaurs,0.0303
43,14,conceptnet.topn3,dinosaurs ancient reptiles,1.0
44,14,glove.topn3,dinosaurs reptiles,0.1429
45,14,conceptnet.topn3.replace,ancient reptiles,0.125
46,15,-1,espn sports,0.25
47,15,anchor.topn3,espn sports espnsoccernet espnet nbatv,1.0
48,15,anchor.topn3.replace,espnsoccernet espnet nbatv sports,1.0
49,15,conceptluster.topn5.3.qld,espn sports broadcasting sports events espn git object,1.0
50,15,relevancefeedback.topn10.bm25,espn sports articl john bucher comment you,1.0
51,15,relevancefeedback.topn10.qld,espn sports classic sport titl,1.0
52,15,tagmee.topn3,espn sports ESPN Broadcasting of sports events,1.0
53,15,tagmee.topn3.replace,ESPN Broadcasting of sports events,1.0
54,15,wiki.topn3,espn sports bristol connecticut television channels stations established sports television networks united states espn sports events works sports out of market sports package broadcasting sports events,1.0
55,15,wiki.topn3.replace,bristol connecticut television channels stations established sports television networks united states espn sports events works sports out of market sports package broadcasting sports events,1.0
56,15,conceptluster.topn5.3.bm25,espn sports broadcasting sports events espn death cellulos carbon restringido video,0.5
57,15,docluster.topn10.3.bm25,espn sports death cellulos carbon restringido video life trivia obama organ,0.5
58,15,word2vec.topn3,espn sports sportscenter espn com athletics,0.3333
59,16,-1,arizona game and fish,1.0
60,17,-1,poker tournaments,0.1429
61,18,-1,wedding budget calculator,1.0
62,19,-1,the current,0.0
63,2,-1,french lick resort and casino,1.0
64,20,-1,defender,0.0
65,21,-1,volvo,0.25
66,21,bertqe.topn10.qld,s super saloon archiv volvo,1.0
67,21,wiki.topn3,volvo car manufacturers sweden motor vehicle manufacturers sweden audi volvo,1.0
68,21,wiki.topn3.replace,car manufacturers sweden motor vehicle manufacturers sweden audi volvo,0.5
69,22,-1,rick warren,1.0
70,23,-1,yahoo,0.0
71,23,wiki.topn3,yahoo alibaba group websites company companies based sunnyvale california yahoo,1.0
72,23,wiki.topn3.replace,alibaba group websites company companies based sunnyvale california yahoo,0.5
73,23,bt_nllb_chinese_yue,Yahoo is a website,0.0345
74,24,-1,diversity,0.1667
75,25,-1,euclid,0.3333
76,25,relevancefeedback.topn10.bm25,euclid video i geometri,1.0
77,25,relevancefeedback.topn10.qld,euclid video ey i us tabl,1.0
78,25,anchor.topn3,euclid evklid efklidi euclidi,0.5
79,25,wiki.topn3,euclid data euclid diophantus archimedes euclid,0.5
80,25,wiki.topn3.replace,data euclid diophantus archimedes euclid,0.5
81,26,-1,lower heart rate,0.3333
82,26,bt_bing_korean,Low heart rate,1.0
83,26,bt_bing_swahili,Low heart rate,1.0
84,26,bt_nllb_swahili,low heart rate,1.0
85,26,tagmee.topn3,lower heart rate Mandible Heart rate,1.0
86,26,tagmee.topn3.replace,Mandible Heart rate,1.0
87,26,conceptluster.topn5.3.bm25,lower heart rate mandible heart rate lick casino french,0.5
88,26,conceptluster.topn5.3.qld,lower heart rate heart rate mandible lick casino,0.5
89,26,sensedisambiguation,lower low heart kernel rate,0.5
90,27,-1,starbucks,0.0556
91,27,wiki.topn3,starbucks retail companies established burger king pike place market starbucks,0.5
92,27,word2vec.topn3,starbucks mcdonalds McDs,0.25
93,27,bt_nllb_malay,Starbucks is a great place to start,0.2
94,27,relevancefeedback.topn10.bm25,starbucks i starbuck e googl coffe,0.1111
95,27,bertqe.topn10.qld,wal mart sell starbuck coffe,0.0667
96,28,-1,inuyasha,0.3333
97,28,anchor.topn3,inuyasha sesshomaru totosai kikyo,1.0
98,28,anchor.topn3.replace,sesshomaru totosai kikyo,1.0
99,28,relevancefeedback.topn10.bm25,inuyasha video game i quizz more,1.0
100,29,-1,ps 2 games,0.25
101,3,-1,getting organized,1.0
102,30,-1,diabetes education,0.25
103,30,conceptluster.topn5.3.qld,diabetes education diabetes mellitus education standard student object,1.0
104,30,docluster.topn10.3.qld,diabetes education standard student object,1.0
105,30,relevancefeedback.topn10.bm25,diabetes education support health diabet activ,1.0
106,30,termluster.topn5.3.qld,diabetes education standard student object,1.0
107,30,conceptnet.topn3,diabetes education polydipsia school seeing art further your career,0.5
108,31,-1,atari,1.0
109,32,-1,website design hosting,0.5
110,32,conceptnet.topn3,website design hosting plan art create,1.0
111,33,-1,elliptical trainer,0.25
112,33,anchor.topn3,elliptical trainer thipyaso program boeing saab bi plan,1.0
113,33,bertqe.topn10.qld,ellipt trainer review smooth,1.0
114,33,bt_bing_malay,Ellipsed trainer,1.0
115,33,stem.krovetz,elliptic train,1.0
116,33,stem.paicehusk,ellipt train,1.0
117,33,word2vec.topn3,elliptical trainer eliptical elongated,1.0
118,34,-1,cell phones,0.0909
119,34,docluster.topn10.3.bm25,cell phones mg manag fungi your plan busi should,1.0
120,34,glove.topn3,cell phones cellular telephones cellphones,0.25
121,34,word2vec.topn3,cell phones cellular telephones handsets,0.25
122,34,conceptluster.topn5.3.bm25,cell phones mg manag fungi your plan,0.1667
123,34,termluster.topn5.3.bm25,cell phones mg manag fungi your plan,0.1667
124,34,conceptluster.topn5.3.qld,cell phones standard student object,0.1429
125,34,docluster.topn10.3.qld,cell phones standard student object,0.1429
126,34,termluster.topn5.3.qld,cell phones standard student object,0.1429
127,34,wordnet.topn3,cell phones mobile phone cellular telephone cellular phone call ring speech sound,0.1429
128,34,relevancefeedback.topn10.qld,cell phones phone revers,0.125
129,35,-1,hoboken,0.3333
130,35,conceptluster.topn5.3.bm25,hoboken hoboken new jersey mg manag fungi your plan,1.0
131,35,conceptluster.topn5.3.qld,hoboken hoboken new jersey standard student object,1.0
132,35,tagmee.topn3,hoboken Hoboken New Jersey,1.0
133,35,termluster.topn5.3.bm25,hoboken mg manag fungi your plan,1.0
134,36,-1,gps,0.1429
135,36,glove.topn3,gps positioning navigation,1.0
136,36,relevancefeedback.topn10.bm25,gps gp map forum earth process garmin glonass,0.5
137,37,-1,pampered chef,0.1111
138,37,termluster.topn5.3.bm25,pampered chef mg manag fungi your plan,0.25
139,37,conceptluster.topn5.3.bm25,pampered chef pampered chef mg manag fungi your plan,0.1667
140,38,-1,dogs for adoption,0.125
141,38,conceptnet.topn3,dogs adoption flea very loyal guide blind people,1.0
142,38,relevancefeedback.topn10.bm25,dogs for adoption blood view dog cat war greyhound,1.0
143,38,word2vec.topn3,dogs adoption canines cats non adoption,1.0
144,38,word2vec.topn3.replace,canines cats non adoption,1.0
145,38,glove.topn3,dogs adoption cats,0.1667
146,39,-1,disneyland hotel,0.3333
147,39,bertqe.topn10.qld,anaheim near disneyland motel,1.0
148,4,-1,toilet,0.125
149,40,-1,michworks,0.5
150,40,relevancefeedback.topn10.bm25,michworks michigan search work bike counti,1.0
151,40,relevancefeedback.topn10.qld,michworks resum michigan bike i search work counti,1.0
152,41,-1,orange county convention center,1.0
153,42,-1,the music man,0.0
154,43,-1,the secret garden,0.25
155,43,wiki.topn3,secret garden novels frances hodgson burnett littlwomen thchristmas miraclof jonathan toomey secret garden,1.0
156,43,relevancefeedback.topn10.qld,the secret garden now movi pdt,0.5
157,43,wiki.topn3.replace,novels frances hodgson burnett littlwomen thchristmas miraclof jonathan toomey secret garden,0.5
158,44,-1,map of the united states,0.3333
159,44,bt_bing_russian,Map of the United States of America,1.0
160,45,-1,solar panels,0.3333
161,45,word2vec.topn3,solar panels photovoltaic non solar,1.0
162,45,word2vec.topn3.replace,photovoltaic non solar panels,0.5
163,46,-1,alexian brothers hospital,0.3333
164,46,bt_nllb_arabic,The hospital of the Elks Brothers,1.0
165,46,conceptluster.topn5.3.bm25,alexian brothers hospital alexians bed toilet dusseldorf hote,1.0
166,46,relevancefeedback.topn10.bm25,alexian brothers hospital chattanooga,1.0
167,46,relevancefeedback.topn10.qld,alexian brothers hospital chattanooga stroke,1.0
168,46,termluster.topn5.3.qld,alexian brothers hospital dusseldorf room apart,1.0
169,46,wordnet.topn3,alexian brothers hospital blood brother sidekick infirmary,1.0
170,46,wordnet.topn3.replace,alexian blood brother sidekick infirmary,1.0
171,46,glove.topn3,alexian brothers hospital peesk gahsh sons medical,0.5
172,46,sensedisambiguation.replace,alexian buddy hospital,0.5
173,47,-1,indexed annuity,0.2
174,47,sensedisambiguation,indexed index annuity,0.5
175,47,bertqe.topn10.qld,equiti index annuiti rank highest,0.3333
176,47,bt_nllb_korean,The indexed annual rate,0.25
177,48,-1,wilson antenna,0.3333
178,48,relevancefeedback.topn10.qld,wilson antenna cb http,1.0
179,49,-1,flame designs,0.1111
180,49,relevancefeedback.topn10.bm25,flame designs nebula game clipart,1.0
181,5,-1,mitchell college,0.0769
182,50,-1,dog heat,0.1
183,50,conceptnet.topn3,dog heat bark pet fire temperature,0.1429
184,6,-1,kcs,0.0
185,7,-1,air travel information,1.0
186,8,-1,appraisals,0.0149
187,8,conceptnet.topn3,appraisals establish a worth,0.1
188,9,-1,used car parts,1.0
189,51,-1,horse hooves,1.0
190,52,-1,avp,0.1667
191,52,wiki.topn3,avp list american beach volleyball players holly mcpeak california golden bears women s volleyball players association volleyball professionals,1.0
192,52,wiki.topn3.replace,list american beach volleyball players holly mcpeak california golden bears women s volleyball players association volleyball professionals,1.0
193,52,tagmee.topn3,avp Association of Volleyball Professionals,0.3333
194,52,conceptluster.topn5.3.bm25,avp association volleyball professionals univers wand us math hunt,0.25
195,53,-1,discovery channel store,0.3333
196,53,relevancefeedback.topn10.bm25,discovery channel store discoveri space isn planet tv gift,1.0
197,53,conceptnet.topn3,discovery channel store disclosure department market,0.5
198,54,-1,president of the united states,0.0714
199,54,stem.trunc5,presi of the unite state,1.0
200,54,relevancefeedback.topn10.qld,president of the united states state larg articl shall,0.5
201,54,conceptnet.topn3,president united states leader nation country,0.3333
202,54,wiki.topn3.replace,presidency united states cabinet united states democratiparty vice presidents united states president united states,0.2
203,54,relevancefeedback.topn10.bm25,president of the united states you constitut myanmar american state,0.1667
204,54,wiki.topn3,president united states presidency united states cabinet united states democratiparty vice presidents united states president united states,0.1667
205,54,sensedisambiguation,president president of the united states of the united states state,0.0833
206,55,-1,iron,0.0263
207,55,wordnet.topn3,iron smoothing iron atomic number,0.1667
208,55,wordnet.topn3.replace,smoothing iron atomic number,0.1
209,56,-1,uss yorktown charleston sc,0.0141
210,56,bt_bing_german,USS Yorktown Charleston United States of America,0.1667
211,56,bt_bing_chinese_simplified,USS Charleston Yorktown,0.125
212,56,tagmee.topn3.replace,USS Yorktown CV Charleston South Carolina,0.0667
213,56,bertqe.topn10.qld,yorktown jcpenni yorktown yorktown theater,0.0625
214,56,tagmee.topn3,uss yorktown charleston sc USS Yorktown CV Charleston South Carolina,0.0556
215,56,conceptluster.topn5.3.bm25,uss yorktown charleston sc charleston south carolina uss yorktown cv univers wand us math hunt,0.0526
216,56,relevancefeedback.topn10.bm25,uss yorktown charleston sc carolina program aircraft pleasant discharg museum,0.0455
217,56,conceptluster.topn5.3.qld,uss yorktown charleston sc charleston south carolina uss yorktown cv depauw colleg mi,0.037
218,56,docluster.topn10.3.bm25,uss yorktown charleston sc univers wand us math hunt we can annapoli danc data,0.0333
219,56,relevancefeedback.topn10.qld,uss yorktown charleston sc n pleasant aircraft carolina,0.0238
220,56,wordnet.topn3,uss yorktown charleston sc US USA United States siege of Yorktown capital of West Virginia scandium South Carolina,0.0213
221,57,-1,ct jobs,1.0
222,58,-1,penguins,0.2
223,58,conceptluster.topn5.3.bm25,penguins univers wand us math hunt,0.3333
224,58,termluster.topn5.3.bm25,penguins univers wand us math hunt,0.3333
225,59,-1,how to build a fence,0.1
226,59,relevancefeedback.topn10.bm25,how to build a fence fenc shed you dog weapon,1.0
227,59,conceptnet.topn3,build fence construct a board make gate get an sword post,0.3333
228,59,relevancefeedback.topn10.qld,how to build a fence fenc home,0.2
229,59,tagmee.topn3,build fence,0.2
230,59,thesaurus.topn3,build fence,0.2
231,59,thesaurus.topn3.replace,build fence,0.2
232,59,wiki.topn3,build fence,0.2
233,59,word2vec.topn3,build fence develop construct create rabbit proof split rail,0.2
234,59,sensedisambiguation.replace,how to construct a fence,0.1111
235,60,-1,bellevue,0.1
236,60,bt_nllb_russian,I m going to the Bellevue,0.25
237,60,relevancefeedback.topn10.qld,bellevue turn bellevu p m event estat wa car,0.2
238,61,-1,worm,0.0435
239,61,wordnet.topn3,worm writhe wriggle louse,0.1
240,61,word2vec.topn3.replace,Welchia,0.0625
241,62,-1,texas border patrol,0.25
242,62,relevancefeedback.topn10.bm25,texas border patrol immigr sai comment,1.0
243,62,wiki.topn3,texas border patrol texas states confederate states america louisiana texas united states border patrol el paso intelligenccenter u s customs border protection united states border patrol,1.0
244,62,wiki.topn3.replace,texas states confederate states america louisiana texas united states border patrol el paso intelligenccenter u s customs border protection united states border patrol,1.0
245,62,bt_nllb_swahili,Texas border security,0.3333
246,62,tagmee.topn3.replace,Texas United States Border Patrol,0.3333
247,62,wordnet.topn3,texas border patrol Lone Star State TX boundary line molding skirt police,0.3333
248,63,-1,flushing,0.0526
249,63,conceptluster.topn5.3.bm25,flushing flushing queens c print dropbox read team,0.25
250,63,tagmee.topn3,flushing Flushing Queens,0.25
251,63,tagmee.topn3.replace,Flushing Queens,0.25
252,63,conceptluster.topn5.3.qld,flushing flushing queens c,0.2
253,63,glove.topn3,flushing queens meadows,0.0625
254,64,-1,moths,0.1667
255,64,relevancefeedback.topn10.qld,moths juego sp moth her bat,0.3333
256,65,-1,korean language,1.0
257,66,-1,income tax return online,0.0123
258,66,termluster.topn5.3.bm25,income tax return online c print dropbox read team,0.0303
259,66,docluster.topn10.3.bm25,income tax return online c print dropbox read team set imag,0.0263
260,66,bt_nllb_chinese_yue,Tax returns online,0.0175
261,67,-1,vldl levels,0.1429
262,67,bt_bing_swahili,VLDL standards,1.0
263,67,conceptnet.topn3,vldl levels very low density lipoprotein biochemistry,1.0
264,67,conceptnet.topn3.replace,very low density lipoprotein biochemistry levels,1.0
265,67,glove.topn3,vldl levels chylomicrons mangxamba increases,1.0
266,67,glove.topn3.replace,chylomicrons mangxamba increases,1.0
267,67,termluster.topn5.3.bm25,vldl levels c print dropbox read team,1.0
268,67,word2vec.topn3.replace,vldl concentrations,1.0
269,67,conceptluster.topn5.3.qld,vldl levels low density lipoprotein c,0.5
270,67,stem.trunc4,vldl leve,0.5
271,67,wordnet.topn3,vldl levels very low density lipoprotein horizontal surface tear down,0.3333
272,67,conceptluster.topn5.3.bm25,vldl levels low density lipoprotein c print dropbox read team,0.25
273,67,tagmee.topn3,vldl levels Very low density lipoprotein,0.25
274,67,sensedisambiguation,vldl very low density lipoprotein levels level,0.2
275,67,sensedisambiguation.replace,very low density lipoprotein level,0.2
276,67,word2vec.topn3,vldl levels concentrations,0.2
277,67,docluster.topn10.3.bm25,vldl levels c print dropbox read team set imag,0.1667
278,68,-1,pvc,0.25
279,68,wordnet.topn3,pvc premature ventricular contraction polyvinyl chloride,1.0
280,68,wordnet.topn3.replace,premature ventricular contraction polyvinyl chloride,1.0
281,68,conceptluster.topn5.3.bm25,pvc polyvinyl chloride c print dropbox read team,0.3333
282,68,tagmee.topn3,pvc Polyvinyl chloride,0.3333
283,69,-1,sewing instructions,0.25
284,70,-1,to be or not to be that is the question,0.0
285,71,-1,living in india,0.0
286,71,word2vec.topn3,living india non living pakistan indian nepal,1.0
287,71,conceptnet.topn3,living india home room house a temple a country in Asia a very populous country,0.25
288,71,word2vec.topn3.replace,non living pakistan indian nepal,0.25
289,71,glove.topn3,living india indian pakistan,0.1111
290,71,wiki.topn3,living india states territories established india hindustani speaking countries territories india,0.1
291,71,wiki.topn3.replace,states territories established india hindustani speaking countries territories india,0.0714
292,71,glove.topn3.replace,living indian pakistan,0.0625
293,71,wordnet.topn3,living india populate dwell experience Republic of India Bharat,0.0455
294,71,relevancefeedback.topn10.qld,living in india object live exam hplc bangalor tv,0.0345
295,71,wordnet.topn3.replace,populate dwell experience Republic of India Bharat,0.0323
296,71,tagmee.topn3,living india India,0.0286
297,71,bt_nllb_chinese_yue,I live in India,0.0154
298,71,bt_nllb_korean,I live in India,0.0154
299,71,conceptluster.topn5.3.bm25,living india india energi acceler object,0.0108
300,72,-1,the sun,0.0
301,72,glove.topn3,sun bright sky,0.037
302,72,sensedisambiguation,the sun sunlight,0.0357
303,72,word2vec.topn3,sun sunlight sunshine sun,0.0185
304,72,word2vec.topn3.replace,sunlight sunshine sun,0.012
305,73,-1,neil young,1.0
306,74,-1,kiwi,0.0103
307,74,word2vec.topn3,kiwi kiwifruit,1.0
308,74,word2vec.topn3.replace,kiwifruit,0.5
309,74,conceptnet.topn3,kiwi edible fruit,0.1111
310,74,wordnet.topn3,kiwi apteryx Chinese gooseberry Actinidia deliciosa,0.0278
311,74,wordnet.topn3.replace,apteryx Chinese gooseberry Actinidia deliciosa,0.0192
312,75,-1,tornadoes,0.0833
313,75,bt_nllb_korean,I m going to have a tornado,1.0
314,75,bertqe.topn10.qld,search on earliest photograph tornado,0.3333
315,75,word2vec.topn3,tornadoes twisters,0.3333
316,75,conceptnet.topn3,tornadoes dangerous go to the basement a hurricane,0.1667
317,75,glove.topn3,tornadoes storms,0.1667
318,75,relevancefeedback.topn10.qld,tornadoes mo tornado ia,0.0909
319,76,-1,raised gardens,0.1667
320,76,conceptnet.topn3,raised gardens upraised up grow vegetables grow flowers plant,0.5
321,76,bt_nllb_french,and gardens raised high,0.2
322,76,conceptluster.topn5.3.qld,raised gardens air,0.2
323,76,termluster.topn5.3.qld,raised gardens air,0.2
324,77,-1,bobcat,0.1667
325,78,-1,dieting,0.0127
326,78,wiki.topn3,dieting food faddism junk food macrobiotic diet dieting,1.0
327,78,wiki.topn3.replace,food faddism junk food macrobiotic diet dieting,1.0
328,78,conceptluster.topn5.3.bm25,dieting dieting energi acceler object,0.0526
329,78,termluster.topn5.3.qld,dieting air,0.0172
330,78,conceptluster.topn5.3.qld,dieting dieting air,0.0169
331,79,-1,voyager,0.0196
332,79,wiki.topn3,voyager missions uranus missions neptune missions saturn voyager program,1.0
333,79,wiki.topn3.replace,missions uranus missions neptune missions saturn voyager program,1.0
334,79,conceptluster.topn5.3.bm25,voyager voyager program energi acceler object,0.25
335,79,tagmee.topn3.replace,Voyager program,0.1111
336,79,tagmee.topn3,voyager Voyager program,0.0588
337,79,relevancefeedback.topn10.bm25,voyager game world voyag r messag,0.0526
338,79,conceptluster.topn5.3.qld,voyager voyager program air,0.0455
339,79,word2vec.topn3,voyager explorer,0.0435
340,79,docluster.topn10.3.qld,voyager air hous travel object,0.027
341,80,-1,keyboard reviews,0.3333
342,80,conceptluster.topn5.3.bm25,keyboard reviews synthesizer review art system apprais f,1.0
343,80,conceptluster.topn5.3.qld,keyboard reviews synthesizer review perform apprais art how,1.0
344,80,glove.topn3,keyboard reviews synthesizer,1.0
345,80,glove.topn3.replace,synthesizer reviews,1.0
346,80,tagmee.topn3,keyboard reviews Synthesizer Review,1.0
347,80,tagmee.topn3.replace,Synthesizer Review,1.0
348,80,wordnet.topn3.replace,keyboard limited review recap critical review,1.0
349,80,word2vec.topn3,keyboard reviews keypad,0.5
350,81,-1,afghanistan,0.3333
351,81,bt_nllb_chinese_yue,Afghanistan is a country,1.0
352,81,anchor.topn3,afghanistan junbish عالی present,0.5
353,82,-1,joints,0.0179
354,82,glove.topn3,joints tendons aching,0.0714
355,82,word2vec.topn3,joints tendons muscles,0.0238
356,83,-1,memory,0.0
357,83,conceptnet.topn3,memory remembering something brain,0.3333
358,83,conceptnet.topn3.replace,remembering something brain,0.25
359,83,glove.topn3,memory remembering,0.0667
360,83,word2vec.topn3,memory recollection,0.04
361,84,-1,continental plates,1.0
362,85,-1,milwaukee journal sentinel,1.0
363,86,-1,bart sf,1.0
364,87,-1,who invented music,0.25
365,87,conceptnet.topn3,invented music dance record rock,1.0
366,87,conceptnet.topn3.replace,invented dance record rock,1.0
367,87,tagmee.topn3,invented music The Who The Music,1.0
368,87,thesaurus.topn3,invented music,1.0
369,87,thesaurus.topn3.replace,invented music,1.0
370,88,-1,forearm pain,0.0833
371,88,glove.topn3,forearm pain elbow wrist discomfort suffering,0.3333
372,88,relevancefeedback.topn10.bm25,forearm pain drug elbow your us health golfer sharp,0.3333
373,88,anchor.topn3,forearm pain extensors brachioradialis anconeus shahabiyeh danshur beyahi,0.25
374,88,conceptnet.topn3,forearm pain arm hurt feeling sensation,0.25
375,88,word2vec.topn3,forearm pain wrist elbow discomfort suffering agony,0.25
376,88,glove.topn3.replace,elbow wrist discomfort suffering,0.1667
377,88,bt_nllb_korean,Pain in the elbow,0.1429
378,89,-1,ocd,0.5
379,89,conceptluster.topn5.3.qld,ocd obsessive compulsive disorder perform apprais art how,1.0
380,89,wiki.topn3,ocd behavioral addiction substancusdisorder social anxiety disorder obsessive compulsive disorder,1.0
381,90,-1,mgb,0.0625
382,90,relevancefeedback.topn10.bm25,mgb part busi group regist british mine metro,0.25
383,91,-1,er tv show,0.5
384,91,conceptluster.topn5.3.bm25,er tv show er tv series television program figur auto direct game object,1.0
385,91,conceptluster.topn5.3.qld,er tv show television program er tv series part car,1.0
386,91,tagmee.topn3,er tv show ER TV series ER TV series Television program,1.0
387,91,tagmee.topn3.replace,ER TV series ER TV series Television program,1.0
388,92,-1,the wall,0.0
389,92,word2vec.topn3,wall wall brick,0.0102
390,93,-1,raffles,0.0833
391,94,-1,titan,0.0164
392,96,-1,rice,0.125
393,96,conceptnet.topn3,rice food grain white,1.0
394,97,-1,south africa,0.1667
395,97,bertqe.topn10.qld,south african nation cricket captain,0.5
396,97,wiki.topn3,south africa afrikaans speaking countries territories south africa bantu countries territories south africa,0.5
397,97,conceptnet.topn3,south africa in the south a continent a village an elephant,0.3333
398,97,wiki.topn3.replace,afrikaans speaking countries territories south africa bantu countries territories south africa,0.2
399,98,-1,sat,0.1111
400,99,-1,satellite,0.0
401,99,bertqe.topn10.qld,technolog space satellit amateur observ,0.125
402,99,wordnet.topn3,satellite artificial satellite planet,0.125
403,99,wordnet.topn3.replace,artificial satellite planet,0.1111
404,99,relevancefeedback.topn10.bm25,satellite satellit semant studi motion glonass,0.0667
405,99,glove.topn3,satellite launch,0.0625
406,99,glove.topn3.replace,launch,0.0256
407,101,-1,ritz carlton lake las vegas,1.0
408,102,-1,fickle creek farm,0.0455
409,103,-1,madam cj walker,0.5
410,103,bt_bing_russian,Madame C J Walker,1.0
411,103,bt_nllb_korean,Mother CJ Walker is here,1.0
412,103,docluster.topn10.3.bm25,madam cj walker death cellulos carbon restringido video life trivia obama organ,1.0
413,103,tagmee.topn3.replace,Madam C J Walker,1.0
414,103,termluster.topn5.3.bm25,madam cj walker death cellulos carbon restringido video,1.0
415,104,-1,indiana child support,0.1111
416,104,relevancefeedback.topn10.qld,indiana child support percent,1.0
417,104,conceptnet.topn3,indiana child support daughter toy column help a column,0.5
418,104,wiki.topn3,indiana child support indiana ohio cities indiana indiana noncustodial parent geduldig v aiello child abusprevention treatment act child support united states,0.5
419,104,wiki.topn3.replace,indiana ohio cities indiana indiana noncustodial parent geduldig v aiello child abusprevention treatment act child support united states,0.2
420,104,bt_nllb_german,Child support from Indiana,0.1429
421,104,conceptluster.topn5.3.qld,indiana child support indiana child support united states git object,0.125
422,105,-1,sonoma county medical services,1.0
423,106,-1,universal animal cuts reviews,0.1111
424,107,-1,cass county missouri,0.0435
425,107,conceptnet.topn3,cass county missouri cass county cassie MO,0.1
426,107,docluster.topn10.3.qld,cass county missouri git object trivia,0.1
427,108,-1,ralph owen brewster,1.0
428,109,-1,mayo clinic jacksonville fl,0.0102
429,109,conceptnet.topn3,mayo clinic jacksonville fl mayonnaise yukon territory eye clinic hospital Florida,0.0222
430,109,tagmee.topn3,mayo clinic jacksonville fl Mayo Clinic Jacksonville Florida,0.0156
431,109,conceptluster.topn5.3.qld,mayo clinic jacksonville fl mayo clinic jacksonville florida git object,0.0152
432,109,conceptluster.topn5.3.bm25,mayo clinic jacksonville fl mayo clinic jacksonville florida death cellulos carbon restringido video,0.0149
433,109,bt_bing_arabic,Mayo Clinic Jacksonville Florida,0.0119
434,109,bt_bing_chinese_simplified,Mayo Clinic in Jacksonville Florida,0.0119
435,109,bt_bing_french,Mayo Clinic Jacksonville Florida,0.0119
436,109,bt_nllb_arabic,The Mayo Jacksonville clinic in Florida,0.0119
437,109,bt_nllb_french,The Mayo Clinic in Jacksonville Florida,0.0119
438,109,tagmee.topn3.replace,Mayo Clinic Jacksonville Florida,0.0119
439,110,-1,map of brazil,1.0
440,111,-1,lymphoma in dogs,1.0
441,112,-1,kenmore gas water heater,0.0
442,113,-1,hp mini 2140,0.0
443,113,rm3.topn10.10.0.5.bm25,hp mini 2140,0.0345
444,113,rm3.topn10.10.0.5.qld,hp mini 2140,0.0345
445,114,-1,adobe indian houses,0.1
446,114,wiki.topn3,adobe indian houses buildings structures construction material adobe buildings structures pueblos adobe indigenous peoples united states native american topics native american history native americans united states houses residential area building house,0.5
447,114,bt_bing_german,Indian houses made of mud bricks,0.25
448,114,relevancefeedback.topn10.bm25,adobe indian houses view fe san flash,0.1667
449,114,wiki.topn3.replace,buildings structures construction material adobe buildings structures pueblos adobe indigenous peoples united states native american topics native american history native americans united states houses residential area building house,0.1429
450,115,-1,pacific northwest laboratory,0.5
451,115,bt_nllb_arabic,Pacific Northwest lab,1.0
452,115,bt_nllb_persian,Pacific Northwest lab,1.0
453,115,wordnet.topn3,pacific northwest laboratory peaceable Pacific Ocean northwestward science lab lab,1.0
454,116,-1,california franchise tax board,0.1111
455,116,anchor.topn3,california franchise tax board california economi california histori california educ nutraceut roche dinkeloo omrania puissanc e technic azobisisobutyronitril servogear barbering,1.0
456,116,bt_nllb_french,The California Board of Franchise Taxation,1.0
457,116,bt_nllb_russian,California Council on Franchise Taxation,1.0
458,116,conceptnet.topn3,california franchise tax board a state a lizard a state in the USA enfranchisement government money payment wood plank flat,0.5
459,116,wordnet.topn3,california franchise tax board Calif CA dealership enfranchisement taxation revenue enhancement get on plank plug in,0.3333
460,116,bt_nllb_chinese_yue,The California Franchise Tax Agency,0.1667
461,116,bt_nllb_persian,The California Franchise Tax Agency,0.1667
462,116,relevancefeedback.topn10.qld,california franchise tax board franchis form view,0.1667
463,116,wiki.topn3,california franchise tax board unruh civil rights act ronald reagan day california proposition california franchise tax board,0.1667
464,116,bt_bing_german,California Franchise Tax Authority,0.1429
465,116,glove.topn3,california franchise tax board calif oregon http www nwguild org income directors,0.1429
466,116,relevancefeedback.topn10.bm25,california franchise tax board hotel program staff form view busi usabl,0.1429
467,117,-1,dangers of asbestos,0.5
468,117,bt_bing_arabic,Asbestos hazards,1.0
469,117,bt_bing_chinese_simplified,Asbestos hazards,1.0
470,117,bt_bing_malay,Asbestos hazard,1.0
471,117,bt_bing_russian,Hazards of asbestos,1.0
472,117,bt_bing_swahili,Asbestos hazard,1.0
473,117,bt_nllb_chinese_yue,The harm of asbestos,1.0
474,117,bt_nllb_german,Hazards of asbestos,1.0
475,117,bt_nllb_malay,Asbestos hazards,1.0
476,117,conceptluster.topn5.3.qld,dangers asbestos risk asbestos git object,1.0
477,117,sensedisambiguation,dangers risk of asbestos,1.0
478,117,tagmee.topn3,dangers asbestos Risk Asbestos,1.0
479,117,word2vec.topn3,dangers asbestos perils hazards asbestos containing asbestos related,1.0
480,117,word2vec.topn3.replace,perils hazards asbestos containing asbestos related,1.0
481,117,wordnet.topn3,dangers asbestos peril risk,1.0
482,117,wordnet.topn3.replace,peril risk asbestos,1.0
483,118,-1,poem in your pocket day,1.0
484,119,-1,interview thank you,0.1111
485,120,-1,tv on computer,0.0909
486,120,glove.topn3,tv computer television broadcast software,0.5
487,120,bt_bing_korean,TV on your computer,0.3333
488,120,bt_bing_russian,TV on your computer,0.3333
489,120,tagmee.topn3,tv computer Television Computer,0.1667
490,121,-1,sit and reach test,0.25
491,121,bt_bing_chinese_simplified,Sitting and stretching tests,1.0
492,121,bt_bing_korean,Sit Reach Test Rich Test in Sheet India,0.5
493,121,bt_bing_malay,sit down and reach the test,0.5
494,121,word2vec.topn3,sit reach test sat stand attain,0.3333
495,122,-1,culpeper national cemetery,0.0455
496,122,docluster.topn10.3.bm25,culpeper national cemetery death cellulos carbon restringido video life trivia obama organ,0.5
497,122,termluster.topn5.3.bm25,culpeper national cemetery death cellulos carbon restringido video,0.5
498,122,conceptluster.topn5.3.bm25,culpeper national cemetery culpeper national cemetery death cellulos carbon restringido video,0.05
499,122,stem.paicehusk,culpep nat cemetery,0.05
500,122,anchor.topn3,culpeper national cemetery sozialisten national noodzaak paris span,0.0476
501,122,word2vec.topn3,culpeper national cemetery regional international local graves,0.0476
502,123,-1,von willebrand disease,0.3333
503,123,conceptnet.topn3,von willebrand disease Erik Adolf von Willebrand illness,1.0
504,123,bt_nllb_chinese_yue,Von Willebrand s disease is the most common,0.5
505,123,docluster.topn10.3.bm25,von willebrand disease death cellulos carbon restringido video life trivia obama organ,0.5
506,123,glove.topn3,von willebrand disease heinrich wilhelm vwf hahnz illness,0.5
507,123,relevancefeedback.topn10.bm25,von willebrand disease dog bleed video diseas vwf,0.5
508,123,wiki.topn3,von willebrand disease von willebrand factor tracheomalacia lemierre s syndrome von willebrand disease,0.5
509,123,wordnet.topn3,von willebrand disease E A von Willebrand Erik von Willebrand,0.5
510,123,wordnet.topn3.replace,von E A von Willebrand Erik von Willebrand disease,0.5
511,124,-1,bowflex power pro,0.5
512,125,-1,butter and margarine,0.5
513,125,conceptnet.topn3,butter margarine a food the refrigerator yellow,1.0
514,125,conceptnet.topn3.replace,a food the refrigerator yellow margarine,1.0
515,125,stem.lovins,butter and margar,1.0
516,125,word2vec.topn3,butter margarine bread margarine butter,1.0
517,125,word2vec.topn3.replace,bread margarine butter,1.0
518,126,-1,us capitol map,0.0
519,126,wordnet.topn3,us capitol map u uracil Capitol Building mathematical function represent,0.1
520,126,wordnet.topn3.replace,u uracil Capitol Building mathematical function represent,0.0164
521,127,-1,dutchess county tourism,1.0
522,128,-1,atypical squamous cells,0.125
523,128,relevancefeedback.topn10.bm25,atypical squamous cells cell carcinoma hpv skin squamou cervic,0.5
524,128,bt_nllb_russian,Atypical flat cells,0.3333
525,128,sensedisambiguation,atypical squamous cells cellular telephone,0.3333
526,128,sensedisambiguation.replace,atypical squamous cellular telephone,0.25
527,128,termluster.topn5.3.bm25,atypical squamous cells death cellulos carbon restringido video,0.1429
528,129,-1,iowa food stamp program,0.0109
529,129,relevancefeedback.topn10.bm25,iowa food stamp program coin depart charl corn state nutrit kb,0.0204
530,129,tagmee.topn3,iowa food stamp program Iowa Supplemental Nutrition Assistance Program,0.0182
531,129,conceptluster.topn5.3.bm25,iowa food stamp program iowa supplemental nutrition assistance program death cellulos carbon restringido video,0.0175
532,129,conceptluster.topn5.3.qld,iowa food stamp program iowa supplemental nutrition assistance program git object,0.0175
533,129,bt_nllb_swahili,Iowa s food hand program,0.0167
534,129,relevancefeedback.topn10.qld,iowa food stamp program depart state coin notic,0.0127
535,129,anchor.topn3,iowa food stamp program iowa histori iowa educ mus catin neophobia food foods cross solfar postag neopost web en programming attack programming kbounc programming histori,0.0115
536,130,-1,fact on uranus,1.0
537,131,-1,equal opportunity employer,0.0217
538,131,relevancefeedback.topn10.bm25,equal opportunity employer action district hyanni engin nsw employ disabl,1.0
539,131,stem.porter2,equal opportun employ,0.1
540,131,relevancefeedback.topn10.qld,equal opportunity employer women action practic employ,0.0455
541,132,-1,mothers day songs,0.1
542,132,sensedisambiguation,mothers mother day songs sung,1.0
543,132,sensedisambiguation.replace,mother day sung,1.0
544,132,word2vec.topn3,mothers day songs fathers moms babies week night month tunes lyrics,0.5
545,132,relevancefeedback.topn10.qld,mothers day songs dai mother i song,0.1667
546,132,bt_bing_arabic,Mother s Day Songs,0.125
547,132,bt_bing_chinese_simplified,Mother s Day songs,0.125
548,132,bt_bing_french,Mother s Day Songs,0.125
549,132,bt_bing_german,Mother s Day songs,0.125
550,132,bt_bing_korean,Mother s Day Songs,0.125
551,132,bt_bing_malay,Mother s Day song,0.125
552,132,bt_bing_persian,Mother s Day song,0.125
553,132,bt_bing_russian,Mother s Day Songs,0.125
554,132,bt_bing_swahili,Mother s Day Songs,0.125
555,132,bt_bing_tamil,Mother s Day Songs,0.125
556,132,bt_nllb_arabic,Mother s day songs,0.125
557,132,bt_nllb_chinese_yue,Mother s Day song,0.125
558,132,bt_nllb_french,songs for Mother s Day,0.125
559,132,bt_nllb_german,Mother s day songs,0.125
560,132,bt_nllb_korean,Mother s day song,0.125
561,132,bt_nllb_malay,Mother s day song,0.125
562,132,bt_nllb_persian,Mother s Day songs,0.125
563,132,bt_nllb_russian,Mother s Day songs,0.125
564,132,bt_nllb_swahili,Mother s day songs,0.125
565,132,bt_nllb_tamil,Mother s Day songs,0.125
566,132,docluster.topn10.3.qld,mothers day songs git object trivia,0.125
567,133,-1,all men are created equal,1.0
568,134,-1,electronic skeet shoot,0.0
569,134,bt_bing_persian,Electronic skeet firing,0.0588
570,134,bt_bing_malay,Electronic skeet visualization,0.0161
571,135,-1,source of the nile,0.0
572,135,conceptluster.topn5.3.qld,source nile nile git object,0.0123
573,136,-1,american military university,0.0
574,137,-1,rock and gem shows,1.0
575,138,-1,jax chemical company,1.0
576,139,-1,rocky mountain news,0.0323
577,139,wiki.topn3.replace,defunct newspapers colorado thdenver post media denver colorado rocky mountain news,0.3333
578,139,wiki.topn3,rocky mountain news defunct newspapers colorado thdenver post media denver colorado rocky mountain news,0.25
579,139,bt_bing_french,News from the Rockies,0.0769
580,139,bt_nllb_arabic,News from the Rockies,0.0769
581,139,docluster.topn10.3.bm25,rocky mountain news death cellulos carbon restringido video life trivia obama organ,0.0667
582,139,conceptluster.topn5.3.bm25,rocky mountain news rocky mountain news death cellulos carbon restringido video,0.0385
583,140,-1,east ridge high school,0.0
584,141,-1,va dmv registration,0.0833
585,141,relevancefeedback.topn10.qld,va dmv registration form vehicl driver,0.5
586,141,sensedisambiguation.replace,virginia dmv registration,0.25
587,141,termluster.topn5.3.bm25,va dmv registration death cellulos carbon restringido video,0.25
588,141,glove.topn3,va dmv registration doo mah sihp js bohld voter identification,0.2
589,141,sensedisambiguation,va virginia dmv registration,0.2
590,141,stem.lovins,va dmv register,0.1667
591,141,relevancefeedback.topn10.bm25,va dmv registration form you servic oa chang vehicl,0.1429
592,141,word2vec.topn3,va dmv registration veut uning doit cdl nys dvla registering,0.1429
593,141,stem.paicehusk,va dmv reg,0.125
594,142,-1,illinois state tax,0.25
595,142,bt_nllb_chinese_yue,Illinois tax rate,1.0
596,143,-1,arkadelphia health club,0.0
597,144,-1,trombone for sale,0.2
598,144,conceptnet.topn3,trombone sale discount price,1.0
599,144,relevancefeedback.topn10.bm25,trombone for sale guitar item book drum mp duke bell,0.5
600,144,wordnet.topn3,trombone sale sales event sales agreement,0.5
601,144,wordnet.topn3.replace,trombone sales event sales agreement,0.5
602,144,wiki.topn3,trombone sale trumpet doublbass clarinet trombone,0.3333
603,144,conceptnet.topn3.replace,trombone discount price,0.25
604,144,glove.topn3,trombone sale saxophone clarinet sell purchase,0.25
605,145,-1,vines for shade,0.2
606,145,anchor.topn3,vines shade phlox situations html css,1.0
607,145,glove.topn3,vines shade grapevines,1.0
608,145,relevancefeedback.topn10.bm25,vines for shade barn flower your root draw,1.0
609,145,conceptnet.topn3,vines shade sun tree under,0.25
610,146,-1,sherwood regional library,0.5
611,147,-1,tangible personal property tax,1.0
612,148,-1,martha stewart and imclone,1.0
613,149,-1,uplift at yellowstone national park,0.1667
614,149,glove.topn3,uplift yellowstone national park js em yosemite elk public adjacent,1.0
615,149,word2vec.topn3,uplift yellowstone national park yosemite supervolcano super volcano regional international local parkland,1.0
616,149,word2vec.topn3.replace,uplift yosemite supervolcano super volcano regional international local parkland,0.5
617,149,wiki.topn3,uplift yellowstone national park continental crust basement geology sedimentary basin tectonic uplift national parks montana national parks idaho protected areas established yellowstone national park,0.3333
618,149,wordnet.topn3,uplift yellowstone national park lift up elate Yellowstone River interior home internal green ballpark common,0.3333
619,149,conceptnet.topn3,uplift yellowstone national park upheaval Montana flag,0.25
620,149,sensedisambiguation,uplift at yellowstone national park parking lot,0.25
621,150,-1,tn highway patrol,0.0244
622,150,relevancefeedback.topn10.bm25,tn highway patrol state crash safeti new offic,0.0435
623,150,sensedisambiguation,tn tennessee highway patrol,0.0303
624,151,-1,403b,0.0
625,151,rm3.topn10.10.0.5.bm25,403b,1.0
626,151,rm3.topn10.10.0.5.qld,403b,1.0
627,151,wiki.topn3,b plan federal employees retirement system roth k b,1.0
628,151,word2vec.topn3.replace,participant directed retirement savings,0.5
629,151,word2vec.topn3,b participant directed retirement savings,0.3333
630,151,relevancefeedback.topn10.bm25,b plan r form sai loan contribut download,0.05
631,151,wiki.topn3.replace,plan federal employees retirement system roth k b,0.0238
632,152,-1,angular cheilitis,0.0
633,153,-1,pocono,0.3333
634,154,-1,figs,0.0909
635,154,bt_nllb_tamil,The fig trees,1.0
636,155,-1,last supper painting,1.0
637,156,-1,university of phoenix,0.5
638,156,bt_nllb_tamil,The University of Phoenix is a public research university,1.0
639,156,word2vec.topn3,university phoenix college campus pheonix firebird,1.0
640,157,-1,the beatles rock band,0.1667
641,157,conceptluster.topn5.3.qld,beatles rock band beatles album beatles rock band git object,0.5
642,157,docluster.topn10.3.qld,the beatles rock band git object trivia,0.5
643,157,glove.topn3,beatles rock band lennon mccartney band pop album,0.5
644,157,glove.topn3.replace,lennon mccartney band pop album,0.5
645,157,sensedisambiguation,the beatles rock band set,0.3333
646,157,termluster.topn5.3.qld,beatles rock band git object,0.3333
647,157,conceptluster.topn5.3.bm25,beatles rock band beatles rock band beatles album death cellulos carbon restringido video,0.2
648,158,-1,septic system design,1.0
649,159,-1,porterville,0.3333
650,159,conceptluster.topn5.3.qld,porterville porterville california git object,1.0
651,159,tagmee.topn3,porterville Porterville California,1.0
652,159,tagmee.topn3.replace,Porterville California,1.0
653,160,-1,grilling,0.0128
654,160,wiki.topn3,grilling seasoning deep frying condiment grilling,0.1667
655,160,wordnet.topn3,grilling broil broiling,0.0139
656,160,conceptnet.topn3,grilling cooking a good way too cook,0.0137
657,160,wiki.topn3.replace,seasoning deep frying condiment grilling,0.0132
658,161,-1,furniture for small spaces,0.037
659,161,wordnet.topn3,furniture small spaces piece of furniture article of furniture minor belittled distance infinite blank space,0.0455
660,161,sensedisambiguation,furniture for small spaces space,0.0417
661,162,-1,dnr,0.0833
662,162,conceptnet.topn3,dnr living will medicine,0.0909
663,163,-1,arkansas,0.025
664,163,bt_nllb_chinese_yue,The state of Arkansas USA,1.0
665,163,conceptnet.topn3,arkansas a state,0.1667
666,163,relevancefeedback.topn10.bm25,arkansas fifti arkansa function,0.0833
667,163,wiki.topn3,arkansas arkansas oklahoma tennessee arkansas,0.0714
668,163,wiki.topn3.replace,arkansas oklahoma tennessee arkansas,0.0333
669,163,wordnet.topn3.replace,AR Arkansas River,0.0333
670,164,-1,hobby stores,0.0556
671,164,bt_nllb_korean,It s a hobby shop,0.25
672,164,word2vec.topn3,hobby stores pastime hobbyist shops retailers,0.1667
673,165,-1,blue throated hummingbird,0.0286
674,166,-1,computer programming,0.0167
675,166,wordnet.topn3,computer programming data processor reckoner estimator programme scheduling,0.0556
676,166,word2vec.topn3,computer programming software programmers,0.0455
677,166,relevancefeedback.topn10.bm25,computer programming he franco cours system ecc java code math comput,0.0303
678,166,wiki.topn3,computer programming programming languages created lisp programming language distributed computing computer programming,0.0278
679,166,stem.porter,comput programm,0.025
680,166,conceptluster.topn5.3.bm25,computer programming computer programming death cellulos carbon restringido video,0.0238
681,166,sensedisambiguation,computer programming program,0.0213
682,167,-1,barbados,0.0294
683,167,wiki.topn3,barbados islands barbados barbados saint lucia barbados,0.1111
684,167,wiki.topn3.replace,islands barbados barbados saint lucia barbados,0.1111
685,167,conceptluster.topn5.3.bm25,barbados barbados death cellulos carbon restringido video,0.04
686,168,-1,lipoma,0.5
687,168,conceptluster.topn5.3.bm25,lipoma lipoma death cellulos carbon restringido video,1.0
688,169,-1,battles in the civil war,0.0345
689,169,docluster.topn10.3.bm25,battles in the civil war death cellulos carbon restringido video life trivia obama organ,0.0526
690,169,relevancefeedback.topn10.bm25,battles in the civil war errata map wallpap illinoi more eli,0.05
691,169,conceptluster.topn5.3.bm25,battles civil war battle civil war death cellulos carbon restringido video,0.0476
692,169,sensedisambiguation,battles conflict in the civil war,0.0435
693,169,termluster.topn5.3.bm25,battles civil war death cellulos carbon restringido video,0.04
694,170,-1,scooters,0.0
695,170,bertqe.topn10.qld,scooter toi product review price,0.2
696,170,relevancefeedback.topn10.qld,scooters kick store scooter razor,0.2
697,170,sensedisambiguation.replace,water scooter,0.1667
698,170,sensedisambiguation,scooters water scooter,0.1429
699,170,glove.topn3,scooters mopeds bicycles,0.0161
700,170,wordnet.topn3,scooters ice yacht motor scooter,0.0161
701,170,wordnet.topn3.replace,ice yacht motor scooter,0.0154
702,171,-1,ron howard,1.0
703,172,-1,becoming a paralegal,0.3333
704,173,-1,hip fractures,0.25
705,173,bt_nllb_malay,a broken hip,1.0
706,173,conceptnet.topn3,hip fractures rap torso,1.0
707,173,wiki.topn3,hip fractures thoracotomy arthroplasty slipped capital femoral epiphysis hip fracture,1.0
708,173,wiki.topn3.replace,thoracotomy arthroplasty slipped capital femoral epiphysis hip fracture,1.0
709,173,word2vec.topn3,hip fractures knee hip osteoporotic,1.0
710,173,conceptnet.topn3.replace,rap torso fractures,0.5
711,173,termluster.topn5.3.qld,hip fractures git object,0.5
712,173,relevancefeedback.topn10.qld,hip fractures fractur diabet score j,0.3333
713,174,-1,rock art,0.1111
714,174,bt_bing_chinese_simplified,Rock paintings,1.0
715,174,bt_bing_korean,Rock Paintings,1.0
716,174,conceptluster.topn5.3.bm25,rock art rock art death cellulos carbon restringido video,1.0
717,174,conceptnet.topn3,rock art music stone painting paint paintings,1.0
718,174,conceptluster.topn5.3.qld,rock art rock art git object,0.5
719,174,wiki.topn3,rock art cavpainting petroglyph caves containing pictograms rock art,0.5
720,174,wordnet.topn3,rock art shake rock and roll tilt artistic creation fine art artistic production,0.5
721,174,wiki.topn3.replace,cavpainting petroglyph caves containing pictograms rock art,0.3333
722,174,sensedisambiguation,rock art artwork,0.25
723,175,-1,signs of a heartattack,1.0
724,176,-1,weather strip,0.0
725,176,bt_bing_german,Weatherstripping,1.0
726,176,tagmee.topn3.replace,Weatherstripping,1.0
727,176,conceptluster.topn5.3.qld,weather strip weatherstripping git object,0.0833
728,176,tagmee.topn3,weather strip Weatherstripping,0.0833
729,176,conceptluster.topn5.3.bm25,weather strip weatherstripping death cellulos carbon restringido video,0.0435
730,176,wiki.topn3,weather strip cryogenic deflashing heat fusion melt manufacturing weatherstripping,0.0147
731,177,-1,best long term care insurance,0.0435
732,177,bt_bing_tamil,Best Long Term Care Cover,0.5
733,177,stem.trunc4,best long term care insu,0.5
734,177,wordnet.topn3,best long term care insurance outdo in force ripe prospicient foresightful terminal figure full term tutelage give care policy insurance policy,0.5
735,177,glove.topn3,best long term care insurance well better short longer means health healthcare premiums,0.25
736,177,wordnet.topn3.replace,outdo in force ripe prospicient foresightful terminal figure full term tutelage give care policy insurance policy,0.25
737,177,conceptnet.topn3,best long term care insurance good better dog dress ago rifle quantity love loving concern expensive health insurance,0.2
738,177,sensedisambiguation,best better long term terminus care concern insurance policy,0.2
739,177,bt_nllb_swahili,Best long term insurance service,0.1111
740,177,relevancefeedback.topn10.bm25,best long term care insurance insur ltc home,0.1
741,177,bertqe.topn10.bm25,think long term care insur,0.0909
742,177,wiki.topn3,best long term care insurance capitation healthcare primary carcasmanagement point servicplan long term care insurance,0.0833
743,177,termluster.topn5.3.bm25,best long term care insurance death cellulos carbon restringido video,0.0714
744,177,bt_nllb_chinese_yue,The best long term insurance,0.0588
745,177,word2vec.topn3,best long term care insurance worst finest easiest short lengthy long phrase care premiums,0.0556
746,177,conceptluster.topn5.3.bm25,best long term care insurance long term care insurance death cellulos carbon restringido video,0.05
747,177,wiki.topn3.replace,capitation healthcare primary carcasmanagement point servicplan long term care insurance,0.05
748,178,-1,pork tenderloin,0.0667
749,178,relevancefeedback.topn10.qld,pork tenderloin davita,1.0
750,178,relevancefeedback.topn10.bm25,pork tenderloin davita recip grill,0.2
751,178,wordnet.topn3,pork tenderloin pork barrel porc combat zone undercut,0.0714
752,179,-1,black history,0.0333
753,179,relevancefeedback.topn10.qld,black history pc method histori object american white,0.5
754,179,bt_nllb_chinese_yue,The history of the Negroes,0.0769
755,180,-1,newyork hotels,0.125
756,180,bt_bing_arabic,New York hotels,0.5
757,180,bt_bing_chinese_simplified,New York Hotel,0.5
758,180,bt_bing_german,Hotels in New York,0.5
759,180,bt_bing_persian,New York Hotels,0.5
760,180,bt_bing_russian,New York Hotels,0.5
761,180,bt_bing_tamil,New York Hotels,0.5
762,180,bt_nllb_arabic,The hotels in New York,0.5
763,180,bt_nllb_french,hotels in New York,0.5
764,180,bt_nllb_german,Hotels in New York,0.5
765,180,bt_nllb_korean,The New York Hotel,0.5
766,180,bt_nllb_malay,hotel in New York,0.5
767,180,bt_nllb_persian,The hotels in New York,0.5
768,180,bt_nllb_russian,hotels in New York,0.5
769,180,bt_nllb_swahili,hotels in New York,0.5
770,181,-1,old coins,0.1429
771,182,-1,quit smoking,0.1111
772,182,bertqe.topn10.qld,you can quit smoke free,1.0
773,182,termluster.topn5.3.bm25,quit smoking death cellulos carbon restringido video,1.0
774,182,bt_bing_swahili,Stop smoking,0.5
775,182,bt_nllb_korean,Stop smoking,0.5
776,182,bt_nllb_malay,Stop smoking,0.5
777,182,bt_nllb_persian,Stop smoking,0.5
778,182,bt_nllb_tamil,Stop smoking,0.5
779,182,docluster.topn10.3.bm25,quit smoking death cellulos carbon restringido video life trivia obama organ,0.5
780,182,glove.topn3.replace,quit smokers tobacco,0.5
781,182,wiki.topn3,quit smoking sertraline chronic pain fibromyalgia smoking cessation addiction habits tobacco smoking smoking,0.5
782,182,wiki.topn3.replace,sertraline chronic pain fibromyalgia smoking cessation addiction habits tobacco smoking smoking,0.5
783,182,wordnet.topn3,quit smoking throw in stop take leave fume,0.5
784,182,conceptluster.topn5.3.bm25,quit smoking smoking smoking cessation death cellulos carbon restringido video,0.25
785,182,glove.topn3,quit smoking smokers tobacco,0.25
786,182,stem.lovins,quit smok,0.1667
787,182,stem.paicehusk,quit smok,0.1667
788,182,stem.trunc4,quit smok,0.1667
789,182,tagmee.topn3,quit smoking Smoking cessation Smoking,0.1667
790,182,tagmee.topn3.replace,Smoking cessation Smoking,0.1667
791,182,conceptluster.topn5.3.qld,quit smoking smoking smoking cessation git object,0.1429
792,183,-1,kansas city mo,0.0112
793,183,wiki.topn3,kansas city mo kansas missouri nebraska kansas cities platte county missouri cities cass county missouri cities jackson county missouri kansas city missouri,0.5
794,183,wiki.topn3.replace,kansas missouri nebraska kansas cities platte county missouri cities cass county missouri cities jackson county missouri kansas city missouri,0.5
795,183,bt_bing_arabic,Kansas City Missouri,0.05
796,183,bt_bing_chinese_simplified,Kansas City Missouri,0.05
797,183,bt_bing_korean,Kansas City Missouri,0.05
798,183,bt_bing_russian,Kansas City Missouri,0.05
799,183,tagmee.topn3.replace,Kansas Kansas City Missouri,0.04
800,183,relevancefeedback.topn10.bm25,kansas city mo ca car psychiatr servic architectur archaeolog hotel,0.0385
801,183,wordnet.topn3,kansas city mo KS Sunflower State Kansas River metropolis urban center second minute,0.0227
802,183,bt_bing_french,Kansas City Missouri United States,0.0169
803,183,conceptluster.topn5.3.qld,kansas city mo kansas city missouri kansas git object,0.0169
804,183,tagmee.topn3,kansas city mo Kansas Kansas City Missouri,0.0169
805,183,conceptluster.topn5.3.bm25,kansas city mo kansas kansas city missouri death cellulos carbon restringido video,0.0159
806,184,-1,civil right movement,0.0769
807,184,wiki.topn3,civil right movement rights civil liberties anti racism civil political rights united nations charter freedom assembly territorial integrity freedom movement,1.0
808,184,wiki.topn3.replace,rights civil liberties anti racism civil political rights united nations charter freedom assembly territorial integrity freedom movement,1.0
809,184,tagmee.topn3.replace,Civil and political rights Freedom of movement,0.5
810,184,conceptluster.topn5.3.bm25,civil right movement civil political rights freedom movement death cellulos carbon restringido video,0.1667
811,184,sensedisambiguation,civil right right field movement drift,0.1667
812,184,relevancefeedback.topn10.bm25,civil right movement disabl commiss http men govern book you philadelphia feder,0.125
813,184,tagmee.topn3,civil right movement Civil and political rights Freedom of movement,0.1111
814,184,conceptluster.topn5.3.qld,civil right movement civil political rights freedom movement git object,0.1
815,185,-1,credit report,0.0154
816,185,bertqe.topn10.qld,wikiansw credit report question includ,0.125
817,185,sensedisambiguation,credit recognition report reputation,0.0625
818,185,relevancefeedback.topn10.qld,credit report inform,0.0417
819,185,conceptnet.topn3,credit report charge card school paper,0.0345
820,185,wordnet.topn3.replace,credit rating acknowledgment cite news report study account,0.0312
821,185,tagmee.topn3,credit report Credit history,0.025
822,185,conceptluster.topn5.3.qld,credit report credit history git object,0.0244
823,185,wordnet.topn3,credit report credit rating acknowledgment cite news report study account,0.0222
824,185,conceptluster.topn5.3.bm25,credit report credit history death cellulos carbon restringido video,0.0179
825,186,-1,unc,0.0714
826,186,anchor.topn3,unc unc spartans shore lij,0.3333
827,186,bt_bing_chinese_simplified,University of North Carolina,0.3333
828,186,docluster.topn10.3.bm25,unc death cellulos carbon restringido video life trivia obama organ,0.125
829,187,-1,vanuatu,0.1667
830,187,wiki.topn3,vanuatu vanuatu samoa palau vanuatu,0.5
831,187,word2vec.topn3,vanuatu andaman alexandre oia,0.5
832,187,wiki.topn3.replace,vanuatu samoa palau vanuatu,0.25
833,187,wordnet.topn3,vanuatu Republic of Vanuatu New Hebrides,0.25
834,187,wordnet.topn3.replace,Republic of Vanuatu New Hebrides,0.25
835,187,anchor.topn3,vanuatu fiji botswana tanzania,0.2
836,188,-1,internet phone service,0.0
837,188,bertqe.topn10.qld,phone call via internet internet,0.0185
838,188,tagmee.topn3,internet phone service Voice over IP,0.0139
839,188,conceptluster.topn5.3.qld,internet phone service voice ip git object,0.0128
840,188,sensedisambiguation,internet phone telephone service servicing,0.0119
841,189,-1,gs pay rate,0.0323
842,189,bt_bing_arabic,GS Payment Rate,0.0435
843,189,bt_bing_persian,GS Payment Rate,0.0435
844,189,bt_bing_tamil,GS Pay Scale,0.0435
845,190,-1,brooks brothers clearance,0.2
846,190,bt_nllb_korean,The Brooks Brothers are promoted,1.0
847,190,relevancefeedback.topn10.qld,brooks brothers clearance brook off brother knitwear cash save,1.0
848,191,-1,churchill downs,0.1429
849,191,wiki.topn3,churchill downs horse racing venues kentucky calumet farm keeneland churchill downs,1.0
850,191,conceptluster.topn5.3.qld,churchill downs churchill downs git object,0.1667
851,192,-1,condos in florida,0.0588
852,192,relevancefeedback.topn10.bm25,condos in florida disnei,0.2
853,192,stem.trunc5,condo in flori,0.1667
854,192,wordnet.topn3,condos florida condominium Sunshine State FL,0.1111
855,192,glove.topn3,condos florida condominiums miami fla,0.0909
856,192,sensedisambiguation,condos condominium in florida,0.0909
857,192,conceptluster.topn5.3.qld,condos florida florida condominium git object,0.0769
858,192,tagmee.topn3,condos florida Condominium Florida,0.0769
859,192,conceptluster.topn5.3.bm25,condos florida florida condominium death cellulos carbon restringido video,0.0714
860,193,-1,dog clean up bags,1.0
861,194,-1,designer dog breeds,1.0
862,195,-1,pressure washers,0.0
863,195,relevancefeedback.topn10.bm25,pressure washers pressur nozzl price unload liter,0.1667
864,195,docluster.topn10.3.bm25,pressure washers death cellulos carbon restringido video life trivia obama organ,0.0625
865,195,conceptluster.topn5.3.bm25,pressure washers death cellulos carbon restringido video,0.0286
866,195,termluster.topn5.3.bm25,pressure washers death cellulos carbon restringido video,0.0286
867,195,bt_bing_chinese_simplified,High pressure washer,0.0135
868,195,bt_bing_korean,High pressure washer,0.0135
869,195,relevancefeedback.topn10.qld,pressure washers wand washer unload pressur kranzl liter,0.0127
870,196,-1,sore throat,0.5
871,196,relevancefeedback.topn10.qld,sore throat symptom antibiot,1.0
872,196,stem.trunc4,sore thro,1.0
873,197,-1,idaho state flower,0.5
874,197,conceptluster.topn5.3.bm25,idaho state flower idaho floral emblem death cellulos carbon restringido video,1.0
875,197,conceptluster.topn5.3.qld,idaho state flower floral emblem idaho git object,1.0
876,197,tagmee.topn3,idaho state flower Idaho Floral emblem,1.0
877,197,tagmee.topn3.replace,Idaho Floral emblem,1.0
878,197,wiki.topn3,idaho state flower idaho montana montana idaho john bellenden ker gawler magnolia campbellii list tregenera floral emblem,1.0
879,197,wiki.topn3.replace,idaho montana montana idaho john bellenden ker gawler magnolia campbellii list tregenera floral emblem,1.0
880,198,-1,indiana state fairgrounds,0.25
881,198,bt_nllb_malay,Indiana state fair park,1.0
882,198,conceptluster.topn5.3.bm25,indiana state fairgrounds indiana state fair death cellulos carbon restringido video,1.0
883,198,conceptluster.topn5.3.qld,indiana state fairgrounds indiana state fair git object,1.0
884,198,relevancefeedback.topn10.bm25,indiana state fairgrounds barn live school skate coliseum dai i,1.0
885,198,relevancefeedback.topn10.qld,indiana state fairgrounds fairground live school coliseum skate iac,1.0
886,198,tagmee.topn3,indiana state fairgrounds Indiana State Fair,1.0
887,198,wordnet.topn3,indiana state fairgrounds Hoosier State IN body politic express submit,1.0
888,198,wordnet.topn3.replace,Hoosier State IN body politic express submit fairgrounds,1.0
889,199,-1,fybromyalgia,0.3333
890,199,bertqe.topn10.qld,leon chaitow fibromyalgia muscl pain,1.0
891,199,conceptluster.topn5.3.bm25,fybromyalgia fibromyalgia death cellulos carbon restringido video,1.0
892,199,conceptluster.topn5.3.qld,fybromyalgia fibromyalgia git object,1.0
893,199,relevancefeedback.topn10.bm25,fybromyalgia i elavil fibromyalgia medic depress wheat http trial,1.0
894,199,relevancefeedback.topn10.qld,fybromyalgia i elavil fibromyalgia fm trial,1.0
895,199,tagmee.topn3,fybromyalgia Fibromyalgia,1.0
896,199,wiki.topn3,fybromyalgia urinary incontinence chronic pain comorbidity fibromyalgia,1.0
897,199,bt_bing_arabic,Fibromyalgia,0.5
898,199,bt_bing_persian,Fibromyalgia,0.5
899,199,bt_bing_russian,Fibromyalgia,0.5
900,199,bt_bing_tamil,Fibromyalgia,0.5
901,199,bt_nllb_french,fibromyalgia,0.5
902,199,bt_nllb_german,Fibromyalgia,0.5
903,199,bt_nllb_malay,Fibromyalgia,0.5
904,199,bt_nllb_persian,Fibromyalgia,0.5
905,199,bt_nllb_russian,Fibromyalgia,0.5
906,199,tagmee.topn3.replace,Fibromyalgia,0.5
907,200,-1,ontario california airport,0.1111
908,200,word2vec.topn3,ontario california airport alberta manitoba saskatchewan florida texas arizona airfield,0.5
