,qid,order,query,qld.ndcg
0,1,-1,obama family tree,0.0
1,1,wiki.topn3,obama family tree stanley armour dunham madelyn dunham barack obama sr family barack obama,0.5791
2,1,anchor.topn3,obama family tree barack obama strichnocera mekubetzet tree stern s diatomic sequ ssm a,0.5102
3,1,tagmee.topn3,obama family tree Family of Barack Obama,0.4961
4,1,conceptluster.topn5.3.qld,obama family tree family barack obama git object,0.4911
5,1,conceptluster.topn5.3.bm25,obama family tree family barack obama death cellulos carbon restringido video,0.4871
6,1,wiki.topn3.replace,stanley armour dunham madelyn dunham barack obama sr family barack obama,0.4777
7,1,word2vec.topn3,obama family tree bama barack relatives tree,0.4409
8,1,glove.topn3,obama family tree barack mccain father pine,0.4352
9,1,anchor.topn3.replace,barack obama strichnocera family mekubetzet tree stern s diatomic sequ ssm a,0.4326
10,1,conceptnet.topn3,obama family tree Barack Hussein Obama obamaton obamacrat home group branch squirrel wood,0.4114
11,1,tagmee.topn3.replace,Family of Barack Obama,0.3863
12,1,word2vec.topn3.replace,bama barack relatives tree,0.0104
13,1,sensedisambiguation.replace,obama syndicate tree,0.0052
14,10,-1,cheap internet,0.0925
15,10,word2vec.topn3,cheap internet inexpensive low cost online intenet,0.2071
16,10,word2vec.topn3.replace,inexpensive low cost online intenet,0.1977
17,11,-1,gmat prep classes,0.4591
18,11,termluster.topn5.3.qld,gmat prep classes git object,0.4969
19,11,docluster.topn10.3.qld,gmat prep classes git object trivia,0.4709
20,12,-1,djs,0.1453
21,13,-1,map,0.1872
22,14,-1,dinosaurs,0.1014
23,15,-1,espn sports,0.2573
24,16,-1,arizona game and fish,0.2218
25,16,tagmee.topn3.replace,Arizona Arizona Game and Fish Department Fish,0.2275
26,17,-1,poker tournaments,0.1685
27,17,sensedisambiguation,poker tournaments tournament,0.1723
28,18,-1,wedding budget calculator,0.2013
29,19,-1,the current,0.0
30,2,-1,french lick resort and casino,0.3379
31,2,conceptluster.topn5.3.bm25,french lick resort casino casino french lick resort casino french lick indiana,0.3601
32,2,conceptluster.topn5.3.qld,french lick resort casino french lick resort casino casino french lick indiana,0.3601
33,2,tagmee.topn3,french lick resort casino French Lick Indiana French Lick Resort Casino Casino,0.3601
34,2,tagmee.topn3.replace,French Lick Indiana French Lick Resort Casino Casino,0.3576
35,20,-1,defender,0.0
36,21,-1,volvo,0.3279
37,21,conceptluster.topn5.3.bm25,volvo volvo lick casino french,0.3313
38,22,-1,rick warren,0.4528
39,23,-1,yahoo,0.0
40,23,wiki.topn3,yahoo alibaba group websites company companies based sunnyvale california yahoo,0.1112
41,23,wiki.topn3.replace,alibaba group websites company companies based sunnyvale california yahoo,0.0955
42,23,bt_nllb_chinese_yue,Yahoo is a website,0.0363
43,24,-1,diversity,0.1965
44,25,-1,euclid,0.1898
45,26,-1,lower heart rate,0.2568
46,26,tagmee.topn3,lower heart rate Mandible Heart rate,0.2736
47,27,-1,starbucks,0.1816
48,28,-1,inuyasha,0.1451
49,28,anchor.topn3,inuyasha sesshomaru totosai kikyo,0.1831
50,28,anchor.topn3.replace,sesshomaru totosai kikyo,0.1525
51,29,-1,ps 2 games,0.1463
52,3,-1,getting organized,0.3127
53,30,-1,diabetes education,0.21
54,31,-1,atari,0.375
55,32,-1,website design hosting,0.1555
56,33,-1,elliptical trainer,0.3532
57,33,sensedisambiguation,elliptical elliptic trainer,0.3724
58,33,conceptluster.topn5.3.bm25,elliptical trainer elliptical trainer mg manag fungi your plan,0.3534
59,34,-1,cell phones,0.0833
60,34,glove.topn3,cell phones cellular telephones cellphones,0.2105
61,34,conceptluster.topn5.3.bm25,cell phones mg manag fungi your plan,0.145
62,34,termluster.topn5.3.bm25,cell phones mg manag fungi your plan,0.145
63,34,docluster.topn10.3.bm25,cell phones mg manag fungi your plan busi should,0.131
64,34,word2vec.topn3,cell phones cellular telephones handsets,0.1085
65,34,wordnet.topn3,cell phones mobile phone cellular telephone cellular phone call ring speech sound,0.1048
66,34,bt_bing_korean,cellular phone,0.0931
67,34,relevancefeedback.topn10.qld,cell phones phone revers,0.0849
68,35,-1,hoboken,0.4495
69,35,tagmee.topn3,hoboken Hoboken New Jersey,0.4815
70,36,-1,gps,0.1411
71,36,glove.topn3,gps positioning navigation,0.2926
72,36,wiki.topn3,gps missile guidance geographical technology radio navigation global positioning system,0.187
73,36,wiki.topn3.replace,missile guidance geographical technology radio navigation global positioning system,0.1525
74,37,-1,pampered chef,0.2212
75,37,sensedisambiguation,pampered pamper chef,0.2233
76,38,-1,dogs for adoption,0.1384
77,39,-1,disneyland hotel,0.1621
78,39,tagmee.topn3,disneyland hotel Disneyland Hotel California,0.1997
79,39,conceptluster.topn5.3.qld,disneyland hotel disneyland hotel california standard student object,0.1932
80,39,tagmee.topn3.replace,Disneyland Hotel California,0.1718
81,39,conceptluster.topn5.3.bm25,disneyland hotel disneyland hotel california mg manag fungi your plan,0.1678
82,4,-1,toilet,0.1599
83,40,-1,michworks,0.1695
84,40,relevancefeedback.topn10.qld,michworks resum michigan bike i search work counti,0.2368
85,40,relevancefeedback.topn10.bm25,michworks michigan search work bike counti,0.1862
86,41,-1,orange county convention center,0.228
87,42,-1,the music man,0.0
88,43,-1,the secret garden,0.4045
89,43,wiki.topn3,secret garden novels frances hodgson burnett littlwomen thchristmas miraclof jonathan toomey secret garden,0.6788
90,43,wiki.topn3.replace,novels frances hodgson burnett littlwomen thchristmas miraclof jonathan toomey secret garden,0.5835
91,44,-1,map of the united states,0.0822
92,44,bt_bing_russian,Map of the United States of America,0.1058
93,45,-1,solar panels,0.278
94,45,relevancefeedback.topn10.qld,solar panels panel,0.2823
95,45,sensedisambiguation,solar panels panel,0.2823
96,46,-1,alexian brothers hospital,0.5105
97,47,-1,indexed annuity,0.3216
98,47,sensedisambiguation,indexed index annuity,0.3421
99,48,-1,wilson antenna,0.1098
100,48,relevancefeedback.topn10.qld,wilson antenna cb http,0.2021
101,48,conceptluster.topn5.3.bm25,wilson antenna antenna radio robert woodrow wilson bed toilet dusseldorf hote,0.1194
102,48,bt_nllb_tamil,The first is the Wilson antenna,0.1187
103,48,tagmee.topn3,wilson antenna Robert Woodrow Wilson Antenna radio,0.1165
104,48,conceptluster.topn5.3.qld,wilson antenna robert woodrow wilson antenna radio dusseldorf room apart,0.1152
105,49,-1,flame designs,0.2795
106,49,relevancefeedback.topn10.bm25,flame designs nebula game clipart,0.4265
107,5,-1,mitchell college,0.0167
108,50,-1,dog heat,0.0706
109,50,bt_nllb_french,heat from the dog,0.0756
110,6,-1,kcs,0.0
111,7,-1,air travel information,0.308
112,8,-1,appraisals,0.0147
113,8,conceptnet.topn3,appraisals establish a worth,0.0294
114,9,-1,used car parts,0.1166
115,9,docluster.topn10.3.qld,used car parts part figur us auto,0.1585
116,9,relevancefeedback.topn10.qld,used car parts part figur us auto,0.1585
117,9,conceptluster.topn5.3.qld,used car parts part,0.1521
118,9,termluster.topn5.3.qld,used car parts part,0.1521
119,9,bt_nllb_chinese_yue,With car parts,0.1391
120,9,bt_nllb_russian,parts for cars,0.1391
121,9,docluster.topn10.3.bm25,used car parts figur auto direct game object part string f you,0.1228
122,9,relevancefeedback.topn10.bm25,used car parts figur auto direct game object part string f you,0.1228
123,51,-1,horse hooves,0.3072
124,52,-1,avp,0.3249
125,53,-1,discovery channel store,0.1131
126,54,-1,president of the united states,0.1371
127,54,word2vec.topn3,president united states vice president unified sates states,0.2889
128,54,wiki.topn3.replace,presidency united states cabinet united states democratiparty vice presidents united states president united states,0.268
129,54,wiki.topn3,president united states presidency united states cabinet united states democratiparty vice presidents united states president united states,0.2153
130,54,relevancefeedback.topn10.qld,president of the united states state larg articl shall,0.2052
131,55,-1,iron,0.0623
132,55,wordnet.topn3,iron smoothing iron atomic number,0.1972
133,56,-1,uss yorktown charleston sc,0.0945
134,56,tagmee.topn3.replace,USS Yorktown CV Charleston South Carolina,0.1892
135,56,bertqe.topn10.qld,yorktown jcpenni yorktown yorktown theater,0.1879
136,56,bt_bing_chinese_simplified,USS Charleston Yorktown,0.1742
137,56,bt_bing_german,USS Yorktown Charleston United States of America,0.1567
138,56,tagmee.topn3,uss yorktown charleston sc USS Yorktown CV Charleston South Carolina,0.1482
139,56,conceptluster.topn5.3.bm25,uss yorktown charleston sc charleston south carolina uss yorktown cv univers wand us math hunt,0.1445
140,56,conceptluster.topn5.3.qld,uss yorktown charleston sc charleston south carolina uss yorktown cv depauw colleg mi,0.1179
141,56,relevancefeedback.topn10.bm25,uss yorktown charleston sc carolina program aircraft pleasant discharg museum,0.1062
142,56,docluster.topn10.3.bm25,uss yorktown charleston sc univers wand us math hunt we can annapoli danc data,0.0973
143,57,-1,ct jobs,0.2061
144,58,-1,penguins,0.2528
145,59,-1,how to build a fence,0.0471
146,59,conceptnet.topn3,build fence construct a board make gate get an sword post,0.0974
147,59,tagmee.topn3,build fence,0.0854
148,59,thesaurus.topn3,build fence,0.0854
149,59,thesaurus.topn3.replace,build fence,0.0854
150,59,wiki.topn3,build fence,0.0854
151,59,relevancefeedback.topn10.bm25,how to build a fence fenc shed you dog weapon,0.085
152,60,-1,bellevue,0.1587
153,61,-1,worm,0.0951
154,62,-1,texas border patrol,0.4564
155,62,wiki.topn3.replace,texas states confederate states america louisiana texas united states border patrol el paso intelligenccenter u s customs border protection united states border patrol,0.5071
156,62,wiki.topn3,texas border patrol texas states confederate states america louisiana texas united states border patrol el paso intelligenccenter u s customs border protection united states border patrol,0.5062
157,62,tagmee.topn3.replace,Texas United States Border Patrol,0.4681
158,62,tagmee.topn3,texas border patrol Texas United States Border Patrol,0.4603
159,62,conceptluster.topn5.3.qld,texas border patrol united states border patrol texas c,0.4602
160,62,conceptluster.topn5.3.bm25,texas border patrol united states border patrol texas c print dropbox read team,0.4595
161,63,-1,flushing,0.2288
162,63,tagmee.topn3,flushing Flushing Queens,0.3422
163,63,conceptluster.topn5.3.qld,flushing flushing queens c,0.332
164,63,conceptluster.topn5.3.bm25,flushing flushing queens c print dropbox read team,0.2939
165,63,tagmee.topn3.replace,Flushing Queens,0.2438
166,64,-1,moths,0.2244
167,65,-1,korean language,0.2702
168,65,glove.topn3,korean language korea word,0.463
169,65,wiki.topn3,korean language languages north korea languages korea buyeo languages korean language,0.3815
170,65,wiki.topn3.replace,languages north korea languages korea buyeo languages korean language,0.3728
171,65,relevancefeedback.topn10.qld,korean language languag word peopl talk said,0.299
172,65,stem.krovetz,korea language,0.2936
173,65,conceptluster.topn5.3.bm25,korean language korean language c print dropbox read team,0.2802
174,65,conceptluster.topn5.3.qld,korean language korean language c,0.2758
175,65,termluster.topn5.3.qld,korean language c,0.2753
176,66,-1,income tax return online,0.0237
177,66,termluster.topn5.3.bm25,income tax return online c print dropbox read team,0.0295
178,66,docluster.topn10.3.bm25,income tax return online c print dropbox read team set imag,0.0284
179,66,bt_nllb_chinese_yue,Tax returns online,0.0257
180,67,-1,vldl levels,0.2025
181,67,stem.trunc4,vldl leve,0.3005
182,67,bt_bing_swahili,VLDL standards,0.2312
183,67,wordnet.topn3,vldl levels very low density lipoprotein horizontal surface tear down,0.224
184,67,tagmee.topn3,vldl levels Very low density lipoprotein,0.2079
185,68,-1,pvc,0.1471
186,68,wordnet.topn3,pvc premature ventricular contraction polyvinyl chloride,0.2336
187,68,wordnet.topn3.replace,premature ventricular contraction polyvinyl chloride,0.2075
188,68,tagmee.topn3,pvc Polyvinyl chloride,0.1991
189,68,conceptluster.topn5.3.qld,pvc polyvinyl chloride c,0.1749
190,68,conceptluster.topn5.3.bm25,pvc polyvinyl chloride c print dropbox read team,0.1674
191,69,-1,sewing instructions,0.2965
192,70,-1,to be or not to be that is the question,0.0
193,71,-1,living in india,0.0
194,71,wiki.topn3,living india states territories established india hindustani speaking countries territories india,0.0389
195,71,wiki.topn3.replace,states territories established india hindustani speaking countries territories india,0.0361
196,71,word2vec.topn3,living india non living pakistan indian nepal,0.0356
197,71,wordnet.topn3,living india populate dwell experience Republic of India Bharat,0.027
198,71,wordnet.topn3.replace,populate dwell experience Republic of India Bharat,0.0256
199,71,conceptnet.topn3,living india home room house a temple a country in Asia a very populous country,0.0154
200,71,word2vec.topn3.replace,non living pakistan indian nepal,0.0154
201,71,relevancefeedback.topn10.qld,living in india object live exam hplc bangalor tv,0.0135
202,71,glove.topn3,living india indian pakistan,0.0107
203,71,glove.topn3.replace,living indian pakistan,0.0087
204,71,tagmee.topn3,living india India,0.0069
205,71,bt_nllb_chinese_yue,I live in India,0.0059
206,71,bt_nllb_korean,I live in India,0.0059
207,71,conceptluster.topn5.3.bm25,living india india energi acceler object,0.0054
208,72,-1,the sun,0.0
209,72,sensedisambiguation,the sun sunlight,0.02
210,72,glove.topn3,sun bright sky,0.0177
211,72,word2vec.topn3,sun sunlight sunshine sun,0.0113
212,72,word2vec.topn3.replace,sunlight sunshine sun,0.0052
213,73,-1,neil young,0.2861
214,73,conceptluster.topn5.3.qld,neil young neil young air,0.2923
215,74,-1,kiwi,0.0177
216,74,word2vec.topn3,kiwi kiwifruit,0.182
217,74,conceptnet.topn3,kiwi edible fruit,0.0937
218,74,word2vec.topn3.replace,kiwifruit,0.0778
219,74,wordnet.topn3,kiwi apteryx Chinese gooseberry Actinidia deliciosa,0.0631
220,74,wordnet.topn3.replace,apteryx Chinese gooseberry Actinidia deliciosa,0.0584
221,75,-1,tornadoes,0.3563
222,76,-1,raised gardens,0.2611
223,76,bt_nllb_french,and gardens raised high,0.2636
224,77,-1,bobcat,0.1386
225,78,-1,dieting,0.0082
226,78,wiki.topn3,dieting food faddism junk food macrobiotic diet dieting,0.0945
227,78,wiki.topn3.replace,food faddism junk food macrobiotic diet dieting,0.0908
228,78,conceptluster.topn5.3.bm25,dieting dieting energi acceler object,0.0223
229,78,conceptluster.topn5.3.qld,dieting dieting air,0.0168
230,78,termluster.topn5.3.qld,dieting air,0.0088
231,79,-1,voyager,0.0853
232,79,wiki.topn3,voyager missions uranus missions neptune missions saturn voyager program,0.4727
233,79,wiki.topn3.replace,missions uranus missions neptune missions saturn voyager program,0.3996
234,79,conceptluster.topn5.3.bm25,voyager voyager program energi acceler object,0.2899
235,79,tagmee.topn3,voyager Voyager program,0.2229
236,79,tagmee.topn3.replace,Voyager program,0.175
237,79,conceptluster.topn5.3.qld,voyager voyager program air,0.0947
238,79,bertqe.topn10.qld,free encyclopedia voyag from,0.0864
239,80,-1,keyboard reviews,0.2048
240,81,-1,afghanistan,0.1437
241,81,bt_nllb_chinese_yue,Afghanistan is a country,0.2669
242,81,anchor.topn3,afghanistan junbish عالی present,0.182
243,81,wordnet.topn3,afghanistan Islamic State of Afghanistan,0.1686
244,82,-1,joints,0.0283
245,82,glove.topn3,joints tendons aching,0.0363
246,83,-1,memory,0.0
247,83,glove.topn3,memory remembering,0.1567
248,83,conceptnet.topn3,memory remembering something brain,0.0751
249,83,conceptnet.topn3.replace,remembering something brain,0.0388
250,83,word2vec.topn3,memory recollection,0.0193
251,84,-1,continental plates,0.4898
252,85,-1,milwaukee journal sentinel,0.1334
253,85,conceptluster.topn5.3.qld,milwaukee journal sentinel milwaukee journal sentinel perform apprais art how,0.1405
254,85,conceptluster.topn5.3.bm25,milwaukee journal sentinel milwaukee journal sentinel art system apprais f,0.1352
255,86,-1,bart sf,0.58
256,87,-1,who invented music,0.0262
257,87,tagmee.topn3,invented music The Who The Music,0.2159
258,87,thesaurus.topn3,invented music,0.195
259,87,thesaurus.topn3.replace,invented music,0.195
260,87,wiki.topn3,invented music throlling stones fleetwood mac led zeppelin weakness nonof business good good people makit last music,0.1436
261,87,conceptnet.topn3.replace,invented dance record rock,0.111
262,87,conceptnet.topn3,invented music dance record rock,0.11
263,87,conceptluster.topn5.3.qld,invented music music perform apprais art how,0.0726
264,87,bt_nllb_chinese_yue,The people who invented music,0.0683
265,87,conceptluster.topn5.3.bm25,invented music music art system apprais f,0.0549
266,87,bt_bing_persian,The One Who Invented Music,0.045
267,88,-1,forearm pain,0.2156
268,89,-1,ocd,0.2316
269,89,wiki.topn3,ocd behavioral addiction substancusdisorder social anxiety disorder obsessive compulsive disorder,0.3994
270,89,conceptluster.topn5.3.qld,ocd obsessive compulsive disorder perform apprais art how,0.3949
271,89,conceptluster.topn5.3.bm25,ocd obsessive compulsive disorder art system apprais f,0.3271
272,89,tagmee.topn3,ocd Obsessive compulsive disorder,0.3219
273,89,glove.topn3,ocd obsessive compulsive adhd,0.2901
274,89,wiki.topn3.replace,behavioral addiction substancusdisorder social anxiety disorder obsessive compulsive disorder,0.2574
275,90,-1,mgb,0.2852
276,90,relevancefeedback.topn10.bm25,mgb part busi group regist british mine metro,0.3263
277,91,-1,er tv show,0.1105
278,91,tagmee.topn3,er tv show ER TV series ER TV series Television program,0.2112
279,91,conceptluster.topn5.3.qld,er tv show television program er tv series part car,0.1928
280,91,conceptluster.topn5.3.bm25,er tv show er tv series television program figur auto direct game object,0.1844
281,91,tagmee.topn3.replace,ER TV series ER TV series Television program,0.1789
282,92,-1,the wall,0.0
283,92,word2vec.topn3,wall wall brick,0.0179
284,93,-1,raffles,0.157
285,94,-1,titan,0.0466
286,96,-1,rice,0.2104
287,97,-1,south africa,0.0358
288,97,wiki.topn3,south africa afrikaans speaking countries territories south africa bantu countries territories south africa,0.2672
289,97,wiki.topn3.replace,afrikaans speaking countries territories south africa bantu countries territories south africa,0.2289
290,97,conceptnet.topn3,south africa in the south a continent a village an elephant,0.0391
291,97,wordnet.topn3,south africa Dixie in the south,0.0371
292,98,-1,sat,0.1274
293,99,-1,satellite,0.0
294,99,wordnet.topn3,satellite artificial satellite planet,0.1285
295,99,wordnet.topn3.replace,artificial satellite planet,0.1241
296,99,bertqe.topn10.qld,technolog space satellit amateur observ,0.1203
297,99,glove.topn3,satellite launch,0.0993
298,99,relevancefeedback.topn10.bm25,satellite satellit semant studi motion glonass,0.0263
299,99,glove.topn3.replace,launch,0.0076
300,101,-1,ritz carlton lake las vegas,0.2198
301,101,anchor.topn3,ritz carlton lake las vegas iż żgħira calender van gunnison kalausa halawet spreyton yanama yungay lake landslid,0.2324
302,101,bt_nllb_chinese_yue,The Ritz Carlton Lake in Las Vegas is a great place to visit,0.2225
303,102,-1,fickle creek farm,0.023
304,103,-1,madam cj walker,0.1324
305,103,bt_bing_russian,Madame C J Walker,0.4216
306,103,tagmee.topn3.replace,Madam C J Walker,0.4216
307,103,conceptluster.topn5.3.bm25,madam cj walker madam c j walker death cellulos carbon restringido video,0.2765
308,103,bt_nllb_russian,Madam K W Walker please,0.2621
309,103,conceptluster.topn5.3.qld,madam cj walker madam c j walker git object,0.2613
310,103,conceptnet.topn3.replace,madam j chief justice walker,0.2557
311,103,tagmee.topn3,madam cj walker Madam C J Walker,0.2496
312,103,wiki.topn3,madam cj walker bondagand freedom negro academy legal rights association madam c j walker,0.1835
313,103,docluster.topn10.3.bm25,madam cj walker death cellulos carbon restringido video life trivia obama organ,0.1642
314,103,wiki.topn3.replace,bondagand freedom negro academy legal rights association madam c j walker,0.1532
315,103,termluster.topn5.3.bm25,madam cj walker death cellulos carbon restringido video,0.1485
316,103,stem.paicehusk,madam cj walk,0.1406
317,103,stem.trunc5,madam cj walke,0.1406
318,103,conceptnet.topn3,madam cj walker j chief justice,0.1342
319,104,-1,indiana child support,0.1265
320,104,relevancefeedback.topn10.qld,indiana child support percent,0.2993
321,104,wiki.topn3,indiana child support indiana ohio cities indiana indiana noncustodial parent geduldig v aiello child abusprevention treatment act child support united states,0.1961
322,104,conceptnet.topn3,indiana child support daughter toy column help a column,0.1723
323,104,bt_nllb_german,Child support from Indiana,0.1414
324,105,-1,sonoma county medical services,0.2132
325,105,conceptluster.topn5.3.bm25,sonoma county medical services sonoma county california health care death cellulos carbon restringido video,0.2343
326,105,bt_bing_chinese_simplified,Sonoma County Health Services,0.2285
327,105,bt_bing_korean,Sonoma County Health Services,0.2285
328,105,bt_bing_russian,Sonoma County Health Services,0.2285
329,105,bt_nllb_chinese_yue,Health services in Sonoma County,0.2285
330,105,bt_nllb_korean,Sonoma County Health Services,0.2285
331,105,tagmee.topn3,sonoma county medical services Sonoma County California Health care Health care,0.2196
332,106,-1,universal animal cuts reviews,0.0424
333,107,-1,cass county missouri,0.0558
334,107,docluster.topn10.3.qld,cass county missouri git object trivia,0.2068
335,107,docluster.topn10.3.bm25,cass county missouri death cellulos carbon restringido video life trivia obama organ,0.1349
336,108,-1,ralph owen brewster,0.6822
337,108,bertqe.topn10.qld,from senat ralph owen brewster,0.7026
338,109,-1,mayo clinic jacksonville fl,0.0313
339,109,conceptnet.topn3,mayo clinic jacksonville fl mayonnaise yukon territory eye clinic hospital Florida,0.0375
340,109,tagmee.topn3,mayo clinic jacksonville fl Mayo Clinic Jacksonville Florida,0.0344
341,109,conceptluster.topn5.3.qld,mayo clinic jacksonville fl mayo clinic jacksonville florida git object,0.0342
342,109,conceptluster.topn5.3.bm25,mayo clinic jacksonville fl mayo clinic jacksonville florida death cellulos carbon restringido video,0.0341
343,109,bt_bing_arabic,Mayo Clinic Jacksonville Florida,0.0324
344,109,bt_bing_chinese_simplified,Mayo Clinic in Jacksonville Florida,0.0324
345,109,bt_bing_french,Mayo Clinic Jacksonville Florida,0.0324
346,109,bt_nllb_arabic,The Mayo Jacksonville clinic in Florida,0.0324
347,109,bt_nllb_french,The Mayo Clinic in Jacksonville Florida,0.0324
348,109,tagmee.topn3.replace,Mayo Clinic Jacksonville Florida,0.0324
349,110,-1,map of brazil,0.1879
350,111,-1,lymphoma in dogs,0.3722
351,111,tagmee.topn3,lymphoma dogs Lymphoma in animals,0.3925
352,111,conceptluster.topn5.3.qld,lymphoma dogs lymphoma animals git object,0.3885
353,112,-1,kenmore gas water heater,0.0
354,113,-1,hp mini 2140,0.0
355,113,rm3.topn10.10.0.5.bm25,hp mini 2140,0.0515
356,113,rm3.topn10.10.0.5.qld,hp mini 2140,0.0515
357,114,-1,adobe indian houses,0.1213
358,115,-1,pacific northwest laboratory,0.1505
359,115,bt_nllb_arabic,Pacific Northwest lab,0.2385
360,115,bt_nllb_persian,Pacific Northwest lab,0.2385
361,115,wordnet.topn3,pacific northwest laboratory peaceable Pacific Ocean northwestward science lab lab,0.2385
362,116,-1,california franchise tax board,0.1688
363,116,conceptluster.topn5.3.qld,california franchise tax board california franchise tax board git object,0.1689
364,117,-1,dangers of asbestos,0.1322
365,117,tagmee.topn3,dangers asbestos Risk Asbestos,0.1609
366,117,word2vec.topn3,dangers asbestos perils hazards asbestos containing asbestos related,0.1573
367,117,conceptluster.topn5.3.qld,dangers asbestos risk asbestos git object,0.1542
368,117,relevancefeedback.topn10.qld,dangers of asbestos asbesto cancer,0.15
369,117,sensedisambiguation,dangers risk of asbestos,0.1403
370,117,conceptluster.topn5.3.bm25,dangers asbestos asbestos risk death cellulos carbon restringido video,0.1376
371,117,relevancefeedback.topn10.bm25,dangers of asbestos asbesto issu hydrogen cancer blog,0.1329
372,118,-1,poem in your pocket day,0.295
373,119,-1,interview thank you,0.2578
374,120,-1,tv on computer,0.1141
375,120,bt_bing_korean,TV on your computer,0.2165
376,120,bt_bing_russian,TV on your computer,0.2165
377,120,tagmee.topn3,tv computer Television Computer,0.1381
378,120,glove.topn3,tv computer television broadcast software,0.1237
379,121,-1,sit and reach test,0.1652
380,122,-1,culpeper national cemetery,0.1004
381,122,termluster.topn5.3.bm25,culpeper national cemetery death cellulos carbon restringido video,0.2002
382,122,docluster.topn10.3.bm25,culpeper national cemetery death cellulos carbon restringido video life trivia obama organ,0.1997
383,122,stem.paicehusk,culpep nat cemetery,0.1056
384,122,relevancefeedback.topn10.bm25,culpeper national cemetery culpep counti cemeteri tour stop va,0.1013
385,123,-1,von willebrand disease,0.4183
386,123,bt_nllb_chinese_yue,Von Willebrand s disease is the most common,0.4295
387,123,conceptluster.topn5.3.bm25,von willebrand disease von willebrand disease death cellulos carbon restringido video,0.424
388,123,wordnet.topn3,von willebrand disease E A von Willebrand Erik von Willebrand,0.4236
389,123,wordnet.topn3.replace,von E A von Willebrand Erik von Willebrand disease,0.42
390,123,conceptluster.topn5.3.qld,von willebrand disease von willebrand disease git object,0.4189
391,124,-1,bowflex power pro,0.1264
392,124,tagmee.topn3,bowflex power pro Bowflex,0.1651
393,124,conceptluster.topn5.3.qld,bowflex power pro bowflex git object,0.1625
394,124,bt_bing_persian,Bowflex Power Professional,0.1617
395,124,sensedisambiguation.replace,bowflex world power professional,0.1585
396,124,wiki.topn3,bowflex power pro activity tracker shapeways channel stuffing bowflex,0.1499
397,124,conceptluster.topn5.3.bm25,bowflex power pro bowflex death cellulos carbon restringido video,0.1467
398,124,bt_nllb_french,Power for bowflex,0.1341
399,125,-1,butter and margarine,0.2259
400,125,conceptluster.topn5.3.qld,butter margarine butter margarine git object,0.2267
401,126,-1,us capitol map,0.0
402,126,wordnet.topn3,us capitol map u uracil Capitol Building mathematical function represent,0.098
403,126,wordnet.topn3.replace,u uracil Capitol Building mathematical function represent,0.057
404,127,-1,dutchess county tourism,0.3107
405,127,relevancefeedback.topn10.bm25,dutchess county tourism counti vassar http tour,0.3366
406,128,-1,atypical squamous cells,0.2142
407,129,-1,iowa food stamp program,0.0077
408,129,tagmee.topn3,iowa food stamp program Iowa Supplemental Nutrition Assistance Program,0.0348
409,129,conceptluster.topn5.3.bm25,iowa food stamp program iowa supplemental nutrition assistance program death cellulos carbon restringido video,0.0345
410,129,conceptluster.topn5.3.qld,iowa food stamp program iowa supplemental nutrition assistance program git object,0.0345
411,129,bt_nllb_swahili,Iowa s food hand program,0.0341
412,129,anchor.topn3,iowa food stamp program iowa histori iowa educ mus catin neophobia food foods cross solfar postag neopost web en programming attack programming kbounc programming histori,0.0313
413,129,relevancefeedback.topn10.bm25,iowa food stamp program coin depart charl corn state nutrit kb,0.009
414,129,relevancefeedback.topn10.qld,iowa food stamp program depart state coin notic,0.008
415,130,-1,fact on uranus,0.2754
416,131,-1,equal opportunity employer,0.0859
417,131,relevancefeedback.topn10.bm25,equal opportunity employer action district hyanni engin nsw employ disabl,0.477
418,131,stem.porter2,equal opportun employ,0.1379
419,131,relevancefeedback.topn10.qld,equal opportunity employer women action practic employ,0.1055
420,132,-1,mothers day songs,0.1071
421,132,sensedisambiguation.replace,mother day sung,0.2599
422,132,sensedisambiguation,mothers mother day songs sung,0.2555
423,132,relevancefeedback.topn10.qld,mothers day songs dai mother i song,0.128
424,133,-1,all men are created equal,0.1802
425,133,wiki.topn3,men created equal life liberty thpursuit happiness virginia declaration rights act thgradual abolition slavery men created equal,0.3119
426,133,wiki.topn3.replace,life liberty thpursuit happiness virginia declaration rights act thgradual abolition slavery men created equal,0.2727
427,134,-1,electronic skeet shoot,0.0
428,134,bt_bing_malay,Electronic skeet visualization,0.0864
429,134,bt_bing_persian,Electronic skeet firing,0.0311
430,135,-1,source of the nile,0.0
431,135,conceptluster.topn5.3.qld,source nile nile git object,0.0738
432,136,-1,american military university,0.0
433,137,-1,rock and gem shows,0.2403
434,138,-1,jax chemical company,0.4203
435,138,sensedisambiguation.replace,jax chemical ship s company,0.4803
436,139,-1,rocky mountain news,0.0824
437,139,wiki.topn3,rocky mountain news defunct newspapers colorado thdenver post media denver colorado rocky mountain news,0.2999
438,139,wiki.topn3.replace,defunct newspapers colorado thdenver post media denver colorado rocky mountain news,0.2764
439,139,bt_bing_french,News from the Rockies,0.142
440,139,bt_nllb_arabic,News from the Rockies,0.142
441,140,-1,east ridge high school,0.0
442,141,-1,va dmv registration,0.3043
443,141,termluster.topn5.3.bm25,va dmv registration death cellulos carbon restringido video,0.3211
444,141,sensedisambiguation.replace,virginia dmv registration,0.3102
445,142,-1,illinois state tax,0.2587
446,142,conceptnet.topn3,illinois state tax Moline government money payment,0.4016
447,142,bt_nllb_chinese_yue,Illinois tax rate,0.345
448,142,relevancefeedback.topn10.bm25,illinois state tax illinoi,0.3414
449,142,relevancefeedback.topn10.qld,illinois state tax illinoi,0.3414
450,142,wiki.topn3,illinois state tax illinois county seats illinois chicago illinois original jurisdiction resolution law united states administrativlaw state government standard deduction k clayton antitrust act taxation united states,0.2825
451,143,-1,arkadelphia health club,0.0
452,144,-1,trombone for sale,0.1954
453,145,-1,vines for shade,0.2233
454,146,-1,sherwood regional library,0.4173
455,147,-1,tangible personal property tax,0.4163
456,147,relevancefeedback.topn10.qld,tangible personal property tax properti vehicl person,0.5076
457,147,conceptluster.topn5.3.bm25,tangible personal property tax personal property property tax death cellulos carbon restringido video,0.4324
458,147,termluster.topn5.3.bm25,tangible personal property tax death cellulos carbon restringido video,0.4303
459,148,-1,martha stewart and imclone,0.4285
460,148,wiki.topn3,martha stewart imclone money magazine amanda hesser brandweek martha stewart health maintenancorganization corporatraid pharmaceutical research manufacturers america imclone systems,0.4555
461,148,tagmee.topn3,martha stewart imclone Martha Stewart ImClone Systems,0.4373
462,148,tagmee.topn3.replace,Martha Stewart ImClone Systems,0.4369
463,148,glove.topn3,martha stewart imclone stewart lehf campbell payne waksal genentech,0.4323
464,148,conceptluster.topn5.3.qld,martha stewart imclone martha stewart imclone systems git object,0.4302
465,149,-1,uplift at yellowstone national park,0.2989
466,149,word2vec.topn3,uplift yellowstone national park yosemite supervolcano super volcano regional international local parkland,0.466
467,149,relevancefeedback.topn10.bm25,uplift at yellowstone national park yellowston,0.3318
468,149,relevancefeedback.topn10.qld,uplift at yellowstone national park yellowston,0.3318
469,149,word2vec.topn3.replace,uplift yosemite supervolcano super volcano regional international local parkland,0.3169
470,149,docluster.topn10.3.qld,uplift at yellowstone national park git object trivia,0.305
471,149,wordnet.topn3,uplift yellowstone national park lift up elate Yellowstone River interior home internal green ballpark common,0.3046
472,149,docluster.topn10.3.bm25,uplift at yellowstone national park death cellulos carbon restringido video life trivia obama organ,0.301
473,149,termluster.topn5.3.qld,uplift yellowstone national park git object,0.299
474,150,-1,tn highway patrol,0.0724
475,150,relevancefeedback.topn10.bm25,tn highway patrol state crash safeti new offic,0.0851
476,150,sensedisambiguation,tn tennessee highway patrol,0.0767
477,151,-1,403b,0.0
478,151,rm3.topn10.10.0.5.bm25,403b,0.2425
479,151,rm3.topn10.10.0.5.qld,403b,0.2425
480,151,wiki.topn3,b plan federal employees retirement system roth k b,0.1633
481,151,wiki.topn3.replace,plan federal employees retirement system roth k b,0.0719
482,151,word2vec.topn3,b participant directed retirement savings,0.031
483,151,word2vec.topn3.replace,participant directed retirement savings,0.0178
484,151,relevancefeedback.topn10.bm25,b plan r form sai loan contribut download,0.0165
485,152,-1,angular cheilitis,0.0
486,153,-1,pocono,0.3123
487,154,-1,figs,0.1267
488,154,bt_nllb_tamil,The fig trees,0.1602
489,155,-1,last supper painting,0.362
490,155,conceptluster.topn5.3.qld,last supper painting last supper painting git object,0.3698
491,156,-1,university of phoenix,0.1563
492,156,anchor.topn3,university phoenix aplagaria gaethof ex phoenix,0.1715
493,157,-1,the beatles rock band,0.0155
494,157,tagmee.topn3.replace,The Beatles album The Beatles Rock Band,0.3664
495,157,tagmee.topn3,beatles rock band The Beatles album The Beatles Rock Band,0.3309
496,157,conceptluster.topn5.3.qld,beatles rock band beatles album beatles rock band git object,0.3272
497,157,bt_nllb_chinese_yue,The Beatles are the band,0.2871
498,157,wiki.topn3,beatles rock band hard day s night album rubber soul pleaspleasme beatles album list songs thbeatles rock band thbeatles thoriginal studio recordings thbeatles mono beatles rock band,0.2495
499,157,wiki.topn3.replace,hard day s night album rubber soul pleaspleasme beatles album list songs thbeatles rock band thbeatles thoriginal studio recordings thbeatles mono beatles rock band,0.1496
500,157,conceptluster.topn5.3.bm25,beatles rock band beatles rock band beatles album death cellulos carbon restringido video,0.1408
501,157,relevancefeedback.topn10.qld,the beatles rock band sai beatl peopl greatest,0.1281
502,157,glove.topn3,beatles rock band lennon mccartney band pop album,0.1271
503,157,docluster.topn10.3.qld,the beatles rock band git object trivia,0.0902
504,157,termluster.topn5.3.qld,beatles rock band git object,0.0842
505,157,bt_nllb_tamil,The Beatles were a rock band,0.061
506,157,glove.topn3.replace,lennon mccartney band pop album,0.0607
507,157,sensedisambiguation,the beatles rock band set,0.0368
508,157,sensedisambiguation.replace,the beatles rock set,0.029
509,157,bt_bing_arabic,The Beatles Rock,0.0268
510,157,relevancefeedback.topn10.bm25,the beatles rock band peopl parol de beatl radio i,0.025
511,157,conceptnet.topn3.replace,beatles music stone group,0.0209
512,157,word2vec.topn3,beatles rock band tulisa martina blacksheep boulder drummer,0.0198
513,158,-1,septic system design,0.3821
514,158,bt_bing_french,Septic tank design,0.3929
515,158,glove.topn3,septic system design sewage effluent which,0.3922
516,159,-1,porterville,0.4353
517,159,tagmee.topn3,porterville Porterville California,0.5261
518,159,conceptluster.topn5.3.qld,porterville porterville california git object,0.513
519,159,tagmee.topn3.replace,Porterville California,0.4465
520,160,-1,grilling,0.0494
521,160,wiki.topn3,grilling seasoning deep frying condiment grilling,0.0565
522,161,-1,furniture for small spaces,0.1227
523,161,sensedisambiguation,furniture for small spaces space,0.1284
524,162,-1,dnr,0.1601
525,163,-1,arkansas,0.015
526,163,conceptnet.topn3,arkansas a state,0.3082
527,163,bt_nllb_chinese_yue,The state of Arkansas USA,0.0436
528,163,wiki.topn3,arkansas arkansas oklahoma tennessee arkansas,0.0318
529,163,relevancefeedback.topn10.bm25,arkansas fifti arkansa function,0.0211
530,163,wordnet.topn3,arkansas AR Arkansas River,0.0166
531,164,-1,hobby stores,0.0477
532,164,bt_nllb_korean,It s a hobby shop,0.0665
533,164,bt_bing_chinese_simplified,Hobby shop,0.0544
534,164,bt_bing_german,Hobby Shops,0.0544
535,164,bt_bing_korean,Hobby Shops,0.0544
536,164,bt_bing_malay,hobby shop,0.0544
537,164,bt_bing_russian,Hobby Shops,0.0544
538,164,bt_bing_swahili,Hobby shops,0.0544
539,164,bt_bing_tamil,Hobby shops,0.0544
540,164,bt_nllb_arabic,The hobby shop,0.0544
541,164,bt_nllb_chinese_yue,The hobby shop,0.0544
542,164,bt_nllb_german,Hobby shops,0.0544
543,164,bt_nllb_malay,hobby shop,0.0544
544,164,bt_nllb_russian,Hobby shops,0.0544
545,165,-1,blue throated hummingbird,0.0274
546,165,docluster.topn10.3.bm25,blue throated hummingbird death cellulos carbon restringido video life trivia obama organ,0.0423
547,165,termluster.topn5.3.qld,blue throated hummingbird git object,0.0387
548,165,docluster.topn10.3.qld,blue throated hummingbird git object trivia,0.0382
549,166,-1,computer programming,0.0196
550,166,relevancefeedback.topn10.bm25,computer programming he franco cours system ecc java code math comput,0.0568
551,166,word2vec.topn3,computer programming software programmers,0.0353
552,166,conceptluster.topn5.3.qld,computer programming computer programming git object,0.0289
553,166,sensedisambiguation,computer programming program,0.0206
554,166,conceptluster.topn5.3.bm25,computer programming computer programming death cellulos carbon restringido video,0.0204
555,167,-1,barbados,0.0055
556,167,wiki.topn3.replace,islands barbados barbados saint lucia barbados,0.1694
557,167,wiki.topn3,barbados islands barbados barbados saint lucia barbados,0.1661
558,167,relevancefeedback.topn10.qld,barbados barbado antigua dominica guyana bermuda hotel saint page,0.0979
559,167,conceptluster.topn5.3.bm25,barbados barbados death cellulos carbon restringido video,0.0103
560,168,-1,lipoma,0.4687
561,169,-1,battles in the civil war,0.0781
562,169,relevancefeedback.topn10.bm25,battles in the civil war errata map wallpap illinoi more eli,0.1047
563,169,anchor.topn3,battles civil war eforia ordinance spitalelor war theori wars jeanlucjosset,0.1008
564,169,conceptnet.topn3,battles civil war embattled battle,0.0826
565,169,conceptluster.topn5.3.bm25,battles civil war battle civil war death cellulos carbon restringido video,0.0821
566,170,-1,scooters,0.0
567,170,relevancefeedback.topn10.qld,scooters kick store scooter razor,0.1155
568,170,bertqe.topn10.qld,scooter toi product review price,0.0748
569,170,sensedisambiguation.replace,water scooter,0.0333
570,170,sensedisambiguation,scooters water scooter,0.0314
571,170,glove.topn3,scooters mopeds bicycles,0.0081
572,170,wordnet.topn3,scooters ice yacht motor scooter,0.0081
573,170,wordnet.topn3.replace,ice yacht motor scooter,0.008
574,171,-1,ron howard,0.2538
575,171,bt_nllb_chinese_yue,Ron Howard is the first,0.2695
576,172,-1,becoming a paralegal,0.18
577,172,tagmee.topn3.replace,Paralegal,0.2528
578,172,conceptluster.topn5.3.qld,becoming paralegal paralegal git object,0.2254
579,172,tagmee.topn3,becoming paralegal Paralegal,0.2165
580,172,bt_bing_swahili,being a paralegal,0.2134
581,172,conceptluster.topn5.3.bm25,becoming paralegal paralegal death cellulos carbon restringido video,0.2126
582,172,relevancefeedback.topn10.bm25,becoming a paralegal paraleg macon job colleg,0.1884
583,172,wordnet.topn3,becoming paralegal suit seemly decent legal assistant,0.1841
584,173,-1,hip fractures,0.3976
585,173,conceptluster.topn5.3.qld,hip fractures hip fracture git object,0.4036
586,174,-1,rock art,0.2702
587,174,conceptluster.topn5.3.bm25,rock art rock art death cellulos carbon restringido video,0.3895
588,174,wiki.topn3,rock art cavpainting petroglyph caves containing pictograms rock art,0.33
589,174,bt_bing_chinese_simplified,Rock paintings,0.3217
590,174,bt_bing_korean,Rock Paintings,0.3217
591,174,wiki.topn3.replace,cavpainting petroglyph caves containing pictograms rock art,0.302
592,174,conceptnet.topn3,rock art music stone painting paint paintings,0.295
593,174,conceptluster.topn5.3.qld,rock art rock art git object,0.2828
594,175,-1,signs of a heartattack,0.1603
595,175,bt_bing_arabic,Signs of a heart attack,0.2186
596,175,bt_bing_chinese_simplified,Signs of a heart attack,0.2186
597,175,bt_bing_french,Signs of a heart attack,0.2186
598,175,bt_bing_german,Signs of a heart attack,0.2186
599,175,bt_bing_korean,Signs of a heart attack,0.2186
600,175,bt_bing_malay,Signs of a heart attack,0.2186
601,175,bt_bing_russian,Signs of a Heart Attack,0.2186
602,175,bt_bing_swahili,Signs of heart attack,0.2186
603,175,bt_nllb_arabic,Signs of a heart attack,0.2186
604,175,bt_nllb_chinese_yue,Signs of heart attack,0.2186
605,175,bt_nllb_french,signs of heart attack,0.2186
606,175,bt_nllb_german,Signs of a Heart Attack,0.2186
607,175,bt_nllb_korean,Signs of a heart attack,0.2186
608,175,bt_nllb_malay,Signs of a heart attack,0.2186
609,175,bt_nllb_persian,Signs of a heart attack,0.2186
610,175,bt_nllb_russian,signs of heart attack,0.2186
611,175,bt_nllb_swahili,signs of heart attack,0.2186
612,175,bt_bing_persian,Heart attack symptoms,0.216
613,175,bt_bing_tamil,Symptoms of a heart attack,0.216
614,175,bt_nllb_tamil,The symptoms of a heart attack,0.216
615,176,-1,weather strip,0.0
616,176,bt_bing_german,Weatherstripping,0.7718
617,176,tagmee.topn3.replace,Weatherstripping,0.7718
618,176,tagmee.topn3,weather strip Weatherstripping,0.2891
619,176,conceptluster.topn5.3.qld,weather strip weatherstripping git object,0.1793
620,176,conceptluster.topn5.3.bm25,weather strip weatherstripping death cellulos carbon restringido video,0.0626
621,176,wiki.topn3,weather strip cryogenic deflashing heat fusion melt manufacturing weatherstripping,0.0274
622,177,-1,best long term care insurance,0.2121
623,177,sensedisambiguation,best better long term terminus care concern insurance policy,0.3242
624,177,wordnet.topn3,best long term care insurance outdo in force ripe prospicient foresightful terminal figure full term tutelage give care policy insurance policy,0.2901
625,177,bt_bing_tamil,Best Long Term Care Cover,0.2593
626,177,glove.topn3,best long term care insurance well better short longer means health healthcare premiums,0.2291
627,177,termluster.topn5.3.bm25,best long term care insurance death cellulos carbon restringido video,0.2235
628,177,conceptnet.topn3,best long term care insurance good better dog dress ago rifle quantity love loving concern expensive health insurance,0.22
629,178,-1,pork tenderloin,0.2021
630,178,relevancefeedback.topn10.qld,pork tenderloin davita,0.2313
631,178,conceptluster.topn5.3.qld,pork tenderloin pork tenderloin git object,0.2034
632,179,-1,black history,0.0637
633,180,-1,newyork hotels,0.0106
634,180,bt_nllb_tamil,New York hotels are located in the city of New York,0.0258
635,180,relevancefeedback.topn10.qld,newyork hotels hotel februari pictur new,0.0233
636,180,bt_bing_arabic,New York hotels,0.0213
637,180,bt_bing_chinese_simplified,New York Hotel,0.0213
638,180,bt_bing_german,Hotels in New York,0.0213
639,180,bt_bing_persian,New York Hotels,0.0213
640,180,bt_bing_russian,New York Hotels,0.0213
641,180,bt_bing_tamil,New York Hotels,0.0213
642,180,bt_nllb_arabic,The hotels in New York,0.0213
643,180,bt_nllb_french,hotels in New York,0.0213
644,180,bt_nllb_german,Hotels in New York,0.0213
645,180,bt_nllb_korean,The New York Hotel,0.0213
646,180,bt_nllb_malay,hotel in New York,0.0213
647,180,bt_nllb_persian,The hotels in New York,0.0213
648,180,bt_nllb_russian,hotels in New York,0.0213
649,180,bt_nllb_swahili,hotels in New York,0.0213
650,181,-1,old coins,0.1632
651,182,-1,quit smoking,0.1915
652,182,bertqe.topn10.qld,you can quit smoke free,0.2262
653,183,-1,kansas city mo,0.0077
654,183,wiki.topn3.replace,kansas missouri nebraska kansas cities platte county missouri cities cass county missouri cities jackson county missouri kansas city missouri,0.2513
655,183,wiki.topn3,kansas city mo kansas missouri nebraska kansas cities platte county missouri cities cass county missouri cities jackson county missouri kansas city missouri,0.2443
656,183,bt_bing_arabic,Kansas City Missouri,0.1723
657,183,bt_bing_chinese_simplified,Kansas City Missouri,0.1723
658,183,bt_bing_korean,Kansas City Missouri,0.1723
659,183,bt_bing_russian,Kansas City Missouri,0.1723
660,183,tagmee.topn3.replace,Kansas Kansas City Missouri,0.1657
661,183,bt_bing_french,Kansas City Missouri United States,0.1555
662,183,relevancefeedback.topn10.bm25,kansas city mo ca car psychiatr servic architectur archaeolog hotel,0.0584
663,183,wordnet.topn3,kansas city mo KS Sunflower State Kansas River metropolis urban center second minute,0.0355
664,183,tagmee.topn3,kansas city mo Kansas Kansas City Missouri,0.0328
665,183,conceptluster.topn5.3.qld,kansas city mo kansas city missouri kansas git object,0.0327
666,183,conceptluster.topn5.3.bm25,kansas city mo kansas kansas city missouri death cellulos carbon restringido video,0.0323
667,184,-1,civil right movement,0.1532
668,184,tagmee.topn3.replace,Civil and political rights Freedom of movement,0.5725
669,184,wiki.topn3,civil right movement rights civil liberties anti racism civil political rights united nations charter freedom assembly territorial integrity freedom movement,0.5422
670,184,conceptluster.topn5.3.bm25,civil right movement civil political rights freedom movement death cellulos carbon restringido video,0.5227
671,184,tagmee.topn3,civil right movement Civil and political rights Freedom of movement,0.5202
672,184,conceptluster.topn5.3.qld,civil right movement civil political rights freedom movement git object,0.5166
673,184,wordnet.topn3,civil right movement civic polite correct flop right hand campaign motility front,0.4152
674,184,word2vec.topn3,civil right movement rights era civl wrong right movment,0.1807
675,184,wiki.topn3.replace,rights civil liberties anti racism civil political rights united nations charter freedom assembly territorial integrity freedom movement,0.1799
676,184,relevancefeedback.topn10.bm25,civil right movement disabl commiss http men govern book you philadelphia feder,0.1756
677,184,sensedisambiguation,civil right right field movement drift,0.1555
678,185,-1,credit report,0.0077
679,185,relevancefeedback.topn10.qld,credit report inform,0.1032
680,185,wordnet.topn3,credit report credit rating acknowledgment cite news report study account,0.0374
681,185,conceptluster.topn5.3.qld,credit report credit history git object,0.0357
682,185,wordnet.topn3.replace,credit rating acknowledgment cite news report study account,0.035
683,185,tagmee.topn3,credit report Credit history,0.0326
684,185,conceptluster.topn5.3.bm25,credit report credit history death cellulos carbon restringido video,0.0268
685,185,bertqe.topn10.qld,wikiansw credit report question includ,0.0263
686,185,relevancefeedback.topn10.bm25,credit report inform clinic art kb member show bank,0.0192
687,185,wiki.topn3,credit report annual percentagrate loan to valuratio loan origination credit history,0.0148
688,185,sensedisambiguation,credit recognition report reputation,0.0104
689,186,-1,unc,0.0324
690,186,anchor.topn3,unc unc spartans shore lij,0.0984
691,187,-1,vanuatu,0.0762
692,187,wordnet.topn3,vanuatu Republic of Vanuatu New Hebrides,0.3248
693,187,wordnet.topn3.replace,Republic of Vanuatu New Hebrides,0.2782
694,187,wiki.topn3,vanuatu vanuatu samoa palau vanuatu,0.2289
695,187,wiki.topn3.replace,vanuatu samoa palau vanuatu,0.1814
696,188,-1,internet phone service,0.0
697,188,bertqe.topn10.qld,phone call via internet internet,0.0308
698,188,tagmee.topn3,internet phone service Voice over IP,0.015
699,188,conceptluster.topn5.3.qld,internet phone service voice ip git object,0.0148
700,188,sensedisambiguation,internet phone telephone service servicing,0.0145
701,189,-1,gs pay rate,0.0231
702,189,bt_bing_chinese_simplified,GS Wage Rate,0.119
703,189,bt_bing_german,GS Wage Rate,0.119
704,189,bt_bing_russian,GS Wage Rate,0.119
705,189,bt_nllb_korean,Gs wage rate,0.119
706,189,bt_nllb_malay,Gs wage rate,0.119
707,189,bt_nllb_tamil,Gs wage rate,0.119
708,189,sensedisambiguation,gs thousand pay wage rate,0.1156
709,189,bt_bing_korean,GS Salary Rate,0.0966
710,189,bt_nllb_chinese_yue,Gs the salary rate,0.0966
711,189,bt_bing_tamil,GS Pay Scale,0.0428
712,189,bt_bing_arabic,GS Payment Rate,0.0235
713,189,bt_bing_persian,GS Payment Rate,0.0235
714,190,-1,brooks brothers clearance,0.1498
715,190,relevancefeedback.topn10.qld,brooks brothers clearance brook off brother knitwear cash save,0.2078
716,190,bt_nllb_korean,The Brooks Brothers are promoted,0.1573
717,191,-1,churchill downs,0.1921
718,192,-1,condos in florida,0.0532
719,192,tagmee.topn3,condos florida Condominium Florida,0.0635
720,192,conceptluster.topn5.3.qld,condos florida florida condominium git object,0.0634
721,192,sensedisambiguation,condos condominium in florida,0.0559
722,193,-1,dog clean up bags,0.3287
723,193,bt_nllb_tamil,Clean the dog s bag,0.3682
724,194,-1,designer dog breeds,0.5869
725,194,conceptluster.topn5.3.qld,designer dog breeds dog breed dog crossbreed git object,0.6102
726,194,tagmee.topn3,designer dog breeds Dog crossbreed Dog breed,0.6102
727,194,conceptluster.topn5.3.bm25,designer dog breeds dog breed dog crossbreed death cellulos carbon restringido video,0.6098
728,194,tagmee.topn3.replace,Dog crossbreed Dog breed,0.609
729,195,-1,pressure washers,0.0
730,195,relevancefeedback.topn10.bm25,pressure washers pressur nozzl price unload liter,0.1818
731,195,docluster.topn10.3.bm25,pressure washers death cellulos carbon restringido video life trivia obama organ,0.0612
732,195,conceptluster.topn5.3.bm25,pressure washers death cellulos carbon restringido video,0.0487
733,195,termluster.topn5.3.bm25,pressure washers death cellulos carbon restringido video,0.0487
734,195,bt_bing_chinese_simplified,High pressure washer,0.0405
735,195,bt_bing_korean,High pressure washer,0.0405
736,195,relevancefeedback.topn10.qld,pressure washers wand washer unload pressur kranzl liter,0.02
737,196,-1,sore throat,0.2388
738,196,relevancefeedback.topn10.qld,sore throat symptom antibiot,0.3731
739,196,wordnet.topn3,sore throat sensitive painful tender pharynx,0.2612
740,197,-1,idaho state flower,0.1479
741,197,wiki.topn3,idaho state flower idaho montana montana idaho john bellenden ker gawler magnolia campbellii list tregenera floral emblem,0.294
742,197,conceptluster.topn5.3.qld,idaho state flower floral emblem idaho git object,0.2267
743,197,tagmee.topn3,idaho state flower Idaho Floral emblem,0.2267
744,197,conceptluster.topn5.3.bm25,idaho state flower idaho floral emblem death cellulos carbon restringido video,0.2191
745,197,sensedisambiguation,idaho state state of matter flower,0.2084
746,198,-1,indiana state fairgrounds,0.388
747,198,relevancefeedback.topn10.qld,indiana state fairgrounds fairground live school coliseum skate iac,0.5528
748,198,relevancefeedback.topn10.bm25,indiana state fairgrounds barn live school skate coliseum dai i,0.4757
749,199,-1,fybromyalgia,0.0355
750,199,bt_bing_arabic,Fibromyalgia,0.2068
751,199,bt_bing_persian,Fibromyalgia,0.2068
752,199,bt_bing_russian,Fibromyalgia,0.2068
753,199,bt_bing_tamil,Fibromyalgia,0.2068
754,199,bt_nllb_french,fibromyalgia,0.2068
755,199,bt_nllb_german,Fibromyalgia,0.2068
756,199,bt_nllb_malay,Fibromyalgia,0.2068
757,199,bt_nllb_persian,Fibromyalgia,0.2068
758,199,bt_nllb_russian,Fibromyalgia,0.2068
759,199,tagmee.topn3.replace,Fibromyalgia,0.2068
760,199,relevancefeedback.topn10.qld,fybromyalgia i elavil fibromyalgia fm trial,0.1779
761,199,tagmee.topn3,fybromyalgia Fibromyalgia,0.1496
762,199,conceptluster.topn5.3.qld,fybromyalgia fibromyalgia git object,0.1478
763,199,conceptluster.topn5.3.bm25,fybromyalgia fibromyalgia death cellulos carbon restringido video,0.1433
764,199,relevancefeedback.topn10.bm25,fybromyalgia i elavil fibromyalgia medic depress wheat http trial,0.0952
765,199,wiki.topn3,fybromyalgia urinary incontinence chronic pain comorbidity fibromyalgia,0.0653
766,200,-1,ontario california airport,0.344
