qid	order	query	qld.ndcg
701	-1	U.S. oil industry history	0.0615
702	-1	Pearl farming	0.1479
702	bt_nllb_french	Cultivation of pearls	0.1469
702	bt_nllb_arabic	The pearl planting	0.0438
702	bt_nllb_persian	The Pearl of the Caribbean	0.0
704	-1	Green party political views	0.1567
704	bt_nllb_chinese_yue	The Green Party s political views	0.1182
704	bt_nllb_german	Political views of the Greens	0.0303
705	-1	Iraq foreign debt reduction	0.2549
705	bt_nllb_persian	Reducing Iraq s foreign debt	0.2154
705	bt_nllb_swahili	Reducing Iraq s foreign debt	0.2154
705	bt_nllb_korean	Iraq s foreign debt reduction	0.1882
705	bt_nllb_tamil	Iraq s foreign debt reduction	0.1882
705	bt_nllb_arabic	Cut the foreign debt in Iraq	0.134
706	-1	Controlling type II diabetes	0.1284
706	bt_nllb_malay	Managing type diabetes	0.1097
706	bt_nllb_arabic	Control of type diabetes	0.1035
706	bt_nllb_chinese_yue	Control of type diabetes	0.1035
706	bt_nllb_korean	Control of type diabetes	0.1035
706	bt_nllb_persian	Control of type diabetes	0.1035
707	-1	Aspirin cancer prevention	0.5656
707	bt_nllb_tamil	Aspirin is used to prevent cancer	0.5353
707	bt_nllb_chinese_yue	The anti cancer aspirin	0.5329
707	bt_nllb_korean	Aspirin is a cancer prevention drug	0.4318
707	bt_nllb_swahili	How to fight cancer with aspirin	0.3345
707	bt_nllb_arabic	Prevention of cancer	0.0388
707	bt_nllb_persian	Spraying for cancer prevention	0.0216
708	-1	Decorative slate sources	0.3663
708	bt_nllb_swahili	The origins of the decorative slate	0.1973
708	bt_nllb_chinese_yue	Sources of the decoration of the stone tablets	0.0563
708	bt_nllb_french	Sources of decorative clay	0.0043
708	bt_nllb_arabic	Sources for the decorative pages	0.0
708	bt_nllb_german	Other articles of heading	0.0
708	bt_nllb_malay	Sources of decorative plates	0.0
708	bt_nllb_persian	Sources of fertility	0.0
708	bt_nllb_russian	The sources of decorative leaves	0.0
708	bt_nllb_tamil	The decorative silk pieces	0.0
709	-1	Horse racing jockey weight	0.677
709	bt_nllb_german	Weight of horse racing	0.6175
709	bt_nllb_russian	Weight of the horse race	0.6175
709	bt_nllb_tamil	The weight of the horse racing team	0.5801
709	bt_nllb_persian	A joke weight in a horse race	0.5751
709	bt_nllb_malay	Heavy jockey horse racing	0.5533
709	bt_nllb_arabic	Weight of the front runners in horse racing	0.3652
709	bt_nllb_chinese_yue	The weight of the race car	0.0073
710	-1	Prostate cancer treatments	0.3479
711	-1	Train station security measures	0.2085
711	bt_nllb_chinese_yue	Security measures at the railway station	0.1905
711	bt_nllb_malay	Railway station security measures	0.1905
711	bt_nllb_tamil	Railway station security measures	0.1905
711	bt_nllb_french	Safety measures at railway stations	0.0602
711	bt_nllb_german	Safety measures for railway stations	0.0602
711	bt_nllb_russian	Safety measures at railway stations	0.0602
711	bt_nllb_swahili	Safety measures at the train station	0.0
712	-1	Pyramid scheme	0.3531
712	bt_nllb_arabic	The pyramid system	0.0889
712	bt_nllb_swahili	The pyramidal system	0.0889
712	bt_nllb_tamil	The Pyramid Project	0.0707
712	bt_nllb_german	The following is the list of the categories of products	0.0
713	-1	Chesapeake Bay Maryland clean	0.2295
713	bt_nllb_tamil	Chesapeake Bay is Maryland s cleanest	0.0826
713	bt_nllb_persian	Chesapeake Bay Maryland is clear	0.0552
714	-1	License restrictions older drivers	0.3261
714	bt_nllb_malay	Restrictions on older driver s licenses	0.2858
714	bt_nllb_swahili	Restrictions on older driver s licenses	0.2858
714	bt_nllb_russian	Limitations on driving rights for older drivers	0.1675
714	bt_nllb_french	Restrictions on driving licences for older drivers	0.1605
714	bt_nllb_tamil	Driving license restrictions	0.1446
714	bt_nllb_german	Licence restrictions for older drivers	0.1317
714	bt_nllb_chinese_yue	The driver is a restricted driver	0.1127
714	bt_nllb_korean	Restrictions on old driver s licenses	0.0297
715	-1	Schizophrenia drugs	0.2424
715	bt_nllb_german	Schizophrenia medicines	0.0615
715	bt_nllb_malay	Schizophrenia medicines	0.0615
715	bt_nllb_russian	Medicines for schizophrenia	0.0615
715	bt_nllb_tamil	The following table shows the results of the study	0.01
715	bt_nllb_korean	The cure for psychosis	0.0064
715	bt_nllb_arabic	The cramping medication	0.0
715	bt_nllb_swahili	Medications for mental illness	0.0
716	-1	Spammer arrest sue	0.2265
716	bt_nllb_french	Spammer stopped the prosecution	0.0976
716	bt_nllb_persian	Spammers got him	0.0765
716	bt_nllb_malay	Spammer caught the claim	0.024
716	bt_nllb_arabic	The race arrest case	0.0
716	bt_nllb_russian	Families of detainees	0.0
717	-1	Gifted talented student programs	0.21
717	bt_nllb_swahili	Programs for gifted students	0.2052
717	bt_nllb_arabic	Talented student programs	0.192
717	bt_nllb_french	Programs for talented students	0.192
717	bt_nllb_korean	A program for talented students	0.192
717	bt_nllb_malay	Talented student program	0.192
717	bt_nllb_persian	Talented student programs	0.192
717	bt_nllb_russian	Program for talented students	0.192
717	bt_nllb_tamil	Talented student programs	0.192
717	bt_nllb_german	Talented students	0.1891
717	bt_nllb_chinese_yue	A great student project	0.0
718	-1	Controlling acid rain	0.197
718	bt_nllb_malay	Managing acid rain	0.1511
718	bt_nllb_korean	How to Control the Waves	0.0
718	bt_nllb_tamil	The water is not so hot	0.0
719	-1	Cruise ship damage sea life	0.1314
719	bt_nllb_arabic	Damage to freighter ships	0.0365
719	bt_nllb_swahili	Ships of the sea destroying marine life	0.0236
719	bt_nllb_tamil	The impact of marine life	0.0026
720	-1	Federal welfare reform	0.1376
720	bt_nllb_russian	Federal reform of social security	0.0
721	-1	Census data applications	0.0605
721	bt_nllb_russian	Applications for the population census data	0.0586
721	bt_nllb_chinese_yue	The census data request	0.0392
721	bt_nllb_persian	Request for census data	0.0392
721	bt_nllb_swahili	Request for census data	0.0392
721	bt_nllb_arabic	Requests for statistical data	0.0029
721	bt_nllb_malay	Applications for survey data	0.0
722	-1	Iran terrorism	0.513
722	bt_nllb_arabic	Iranian terrorism	0.4446
722	bt_nllb_chinese_yue	Iran s terrorism	0.438
722	bt_nllb_french	Iran s terrorism	0.438
722	bt_nllb_malay	Iran s terrorism	0.438
722	bt_nllb_swahili	Iran s Terrorism	0.438
722	bt_nllb_tamil	Iran s terrorism	0.438
723	-1	Executive privilege	0.27
723	bt_nllb_german	Leadership privileges	0.0104
723	bt_nllb_malay	Executive power	0.0
723	bt_nllb_persian	Executive credit	0.0
723	bt_nllb_swahili	Leadership Freedom	0.0
723	bt_nllb_tamil	The administrative right	0.0
724	-1	Iran Contra	0.4552
724	bt_nllb_korean	The Iranian revolt	0.0264
724	bt_nllb_chinese_yue	Iranian rebellion	0.015
724	bt_nllb_arabic	Iran counter	0.0
724	bt_nllb_french	Iran against	0.0
724	bt_nllb_persian	Iran is in control	0.0
724	bt_nllb_russian	Iran is a country	0.0
724	bt_nllb_tamil	Iran counter	0.0
725	-1	Low white blood cell count	0.2408
725	bt_nllb_swahili	The number of white blood cells is low	0.1779
725	bt_nllb_french	Low white blood cell content	0.1698
725	bt_nllb_arabic	Reduced white blood cell count	0.1535
725	bt_nllb_german	Low blood protein counts	0.1296
725	bt_nllb_tamil	The number of white blooded chickens is low	0.0044
726	-1	Hubble telescope repairs	0.3459
727	-1	Church arson	0.5945
727	bt_nllb_arabic	Burn the church	0.4976
727	bt_nllb_chinese_yue	Burn the church	0.4976
727	bt_nllb_korean	The Church Burning	0.4976
727	bt_nllb_malay	Burning the church	0.4976
727	bt_nllb_french	The Church Fire	0.3976
727	bt_nllb_german	Church fire	0.3976
727	bt_nllb_persian	The church fire	0.3976
727	bt_nllb_russian	Fire in the church	0.3976
727	bt_nllb_tamil	The Church Fire	0.3976
727	bt_nllb_swahili	Lighting a fire in a church	0.2301
728	-1	whales save endangered	0.2191
728	bt_nllb_arabic	The whales protect the endangered	0.2036
728	bt_nllb_chinese_yue	Whales protect endangered animals	0.1898
728	bt_nllb_russian	whales rescue endangered whales	0.1846
728	bt_nllb_malay	The whale rescues endangered	0.153
728	bt_nllb_german	Whales in danger	0.1386
728	bt_nllb_korean	Whales are rescuing endangered animals	0.1319
728	bt_nllb_swahili	whales save those in danger	0.1215
728	bt_nllb_tamil	The whale s life is threatened by the threat of extinction	0.1106
728	bt_nllb_french	wild whales are threatened	0.0966
728	bt_nllb_persian	Whales are a dangerous escape	0.0682
729	-1	Whistle blower department of defense	0.0289
729	bt_nllb_arabic	Signal to defense	0.0
729	bt_nllb_chinese_yue	Alert Defense Department	0.0
729	bt_nllb_french	Department of Defence	0.0
729	bt_nllb_german	The Department of Defence	0.0
729	bt_nllb_malay	Notice of the call from the Department of Defense	0.0
729	bt_nllb_persian	The Department of Defense	0.0
729	bt_nllb_russian	Murder in Response	0.0
729	bt_nllb_tamil	The Vishal Blowers to the Defense Department	0.0
730	-1	Gastric bypass complications	0.5788
730	bt_nllb_swahili	Problems with gastric surgery	0.5675
730	bt_nllb_russian	Conditions of bypass of the stomach	0.2847
730	bt_nllb_persian	The effects of gastric embolism	0.1119
730	bt_nllb_german	Complications of the stomach circulation	0.0333
730	bt_nllb_chinese_yue	complications of the gastrointestinal tract	0.0233
730	bt_nllb_arabic	The complexities of metal planning	0.0
730	bt_nllb_korean	I have complications of the stomach and urethra	0.0
730	bt_nllb_tamil	The disease of the stomach	0.0
731	-1	Kurds history	0.0953
731	bt_nllb_persian	The history of Kurdistan	0.0636
732	-1	U.S. cheese production	0.0524
732	bt_nllb_malay	U S manufacturing of cheese	0.0473
732	bt_nllb_german	The production of cheese in the USA	0.0422
732	bt_nllb_chinese_yue	Made in the US	0.0
732	bt_nllb_tamil	The production of briane in the United States	0.0
733	-1	Airline overbooking	0.5038
733	bt_nllb_arabic	Too many reservations for airlines	0.1936
733	bt_nllb_korean	Airline overhead reservation	0.0892
733	bt_nllb_tamil	Maximum booking by airlines	0.0598
733	bt_nllb_russian	Transfer of airlines	0.0
733	bt_nllb_swahili	Passing the space of an airplane	0.0
734	-1	Recycling successes	0.1898
734	bt_nllb_german	Recycling sequence	0.0026
734	bt_nllb_malay	Successful Cycles	0.0
734	bt_nllb_russian	Success in Utilization	0.0
734	bt_nllb_swahili	The Success of Order	0.0
735	-1	Afghan women condition	0.24
735	bt_nllb_arabic	The situation of Afghan women	0.2353
735	bt_nllb_chinese_yue	The situation of Afghan women	0.2353
735	bt_nllb_french	The situation of Afghan women	0.2353
735	bt_nllb_persian	The situation of Afghan women	0.2353
735	bt_nllb_swahili	The situation of Afghan women	0.2353
735	bt_nllb_tamil	The situation of Afghan women	0.2353
735	bt_nllb_german	Afghan women	0.1975
735	bt_nllb_russian	The state of Afghan women	0.1665
735	bt_nllb_korean	The state of women in Afghanistan	0.1641
736	-1	location BSE infections	0.286
736	bt_nllb_arabic	Location Beez infection	0.0
736	bt_nllb_french	localisation of infections at the ESB	0.0
737	-1	Enron California energy crisis	0.4636
737	bt_nllb_arabic	The energy crisis in California	0.089
737	bt_nllb_chinese_yue	The energy crisis in California	0.089
737	bt_nllb_russian	The energy crisis in California	0.089
737	bt_nllb_persian	The California Inron Energy Crisis	0.0767
738	-1	Anthrax hoaxes	0.5177
738	bt_nllb_tamil	The Anthrax Lies	0.121
738	bt_nllb_french	The Lies Against Anthrax	0.0422
738	bt_nllb_german	Counterfeit anthrax	0.0103
738	bt_nllb_korean	The Antrax Trick	0.0073
738	bt_nllb_malay	Antrax is a fraud	0.0073
738	bt_nllb_arabic	Tricks about the Andrax	0.0
738	bt_nllb_chinese_yue	The charcoal fraud	0.0
738	bt_nllb_persian	The tricks of the Anterx	0.0
738	bt_nllb_russian	The Anthrax Deception	0.0
738	bt_nllb_swahili	The Tricks of Anthrax	0.0
739	-1	Habitat for Humanity	0.1258
739	bt_nllb_chinese_yue	The human home	0.0375
739	bt_nllb_arabic	The home of mankind	0.0
739	bt_nllb_french	A Home for Mankind	0.0
739	bt_nllb_german	A Home for Mankind	0.0
739	bt_nllb_korean	The Residence for Mankind	0.0
739	bt_nllb_russian	A Dwelling Place for Mankind	0.0
739	bt_nllb_swahili	The Place of Human Dwelling	0.0
739	bt_nllb_tamil	The Bible says that the earth is the home of the living God	0.0
740	-1	regulate assisted living Maryland	0.3945
740	bt_nllb_russian	regulate aid to residents of Maryland	0.1569
740	bt_nllb_swahili	control support live in maryland	0.1263
740	bt_nllb_arabic	Living aid in Maryland	0.1174
740	bt_nllb_chinese_yue	I m a life coach in Maryland	0.0
740	bt_nllb_malay	Organizing life support in Maryland	0.0
740	bt_nllb_persian	Set up a helping life in Maryland	0.0
740	bt_nllb_tamil	The following is a list of some of the most common types of cancer in the United States	0.0
741	-1	Artificial Intelligence	0.1405
741	bt_nllb_chinese_yue	AI is the answer	0.0139
741	bt_nllb_korean	AI	0.0138
741	bt_nllb_persian	The AI	0.0138
741	bt_nllb_swahili	A Craftsman s Mind	0.0
742	-1	hedge funds fraud protection	0.4497
742	bt_nllb_french	protection against fraud of investment funds	0.1057
742	bt_nllb_arabic	Securities fraud protection	0.0
742	bt_nllb_chinese_yue	The protection of pension funds	0.0
743	-1	Freighter ship registration	0.1065
743	bt_nllb_persian	Register of ships	0.0714
743	bt_nllb_chinese_yue	The cargo ship is registered	0.0709
743	bt_nllb_russian	Registration of cargo vessels	0.0671
743	bt_nllb_malay	Registering of cargo vessels	0.054
743	bt_nllb_tamil	Freight shipping registration	0.02
743	bt_nllb_korean	Registering the freighter	0.0161
743	bt_nllb_arabic	Record of shipping	0.0
743	bt_nllb_german	Registration of freight vehicles	0.0
743	bt_nllb_swahili	Register of freight ships	0.0
744	-1	Counterfeit ID punishments	0.0
745	-1	Doomsday cults	0.7025
745	bt_nllb_arabic	The Day of Judgment cult	0.1104
745	bt_nllb_russian	The Day of Judgment cult	0.1104
745	bt_nllb_chinese_yue	The cult of the last days	0.0977
745	bt_nllb_french	The cults of the Last Judgment Day	0.0971
745	bt_nllb_german	The Meaning of the Hereafter	0.0
745	bt_nllb_korean	The Day of Judgment	0.0
745	bt_nllb_malay	Religions of the Last Days	0.0
745	bt_nllb_persian	The worship of the Day of Resurrection	0.0
745	bt_nllb_swahili	Religions of Judgment Day	0.0
745	bt_nllb_tamil	The final day of worship	0.0
746	-1	Outsource job India	0.5215
746	bt_nllb_tamil	Outsourced work India	0.4861
746	bt_nllb_chinese_yue	Get outsourced work in India	0.4848
746	bt_nllb_arabic	Foreign work of India	0.0999
746	bt_nllb_swahili	Foreign work in India	0.0999
746	bt_nllb_persian	Jobs outside India	0.087
746	bt_nllb_russian	Work in India	0.0802
746	bt_nllb_french	Employment outside India	0.0135
746	bt_nllb_malay	Employment outside India	0.0135
746	bt_nllb_german	Exploitation of labour in India	0.0083
747	-1	Library computer oversight	0.1652
747	bt_nllb_french	Monitoring of the library computer	0.1132
747	bt_nllb_german	Computer monitoring of libraries	0.1132
747	bt_nllb_malay	Computer monitoring of the library	0.1132
747	bt_nllb_persian	Monitoring the library computer	0.1132
747	bt_nllb_swahili	The management of library computers	0.0537
747	bt_nllb_arabic	Supervise the library on the computer	0.0517
747	bt_nllb_chinese_yue	Library computer control	0.0295
747	bt_nllb_korean	Director of the library computer	0.0268
748	-1	Nuclear reactor types	0.1649
748	bt_nllb_tamil	Types of nuclear power plants	0.0574
748	bt_nllb_chinese_yue	The type of nuclear reaction	0.0467
749	-1	Puerto Rico state	0.3127
749	bt_nllb_korean	Puerto Rico	0.2218
750	-1	John Edwards womens issues	0.1858
750	bt_nllb_french	John Edwards women s problems	0.1152
750	bt_nllb_arabic	The women s issues of John Edwards	0.0986
750	bt_nllb_korean	John Edwards the women s issue	0.0986
750	bt_nllb_malay	John Edwards women s issues	0.0986
750	bt_nllb_persian	John Edwards on women s issues	0.0986
750	bt_nllb_russian	John Edwards women s issues	0.0986
750	bt_nllb_tamil	John Edwards women s issues	0.0986
750	bt_nllb_swahili	John Edwards Matters of Women	0.0552
750	bt_nllb_chinese_yue	John Edwards is a woman s issue	0.0
750	bt_nllb_german	The Commission has also adopted a number of proposals	0.0
751	-1	Scrabble Players	0.4385
751	bt_nllb_chinese_yue	Players	0.0
751	bt_nllb_german	Scrabblers	0.0
751	bt_nllb_persian	The Scribell players	0.0
752	-1	Dam removal	0.3754
752	bt_nllb_korean	Remove the drain	0.0177
752	bt_nllb_chinese_yue	It was demolished	0.0
753	-1	bullying prevention programs	0.5286
753	bt_nllb_arabic	Prevention of bullying	0.4434
753	bt_nllb_tamil	Prevention of bullying	0.4434
753	bt_nllb_french	the prevention of bullying programmes	0.2817
753	bt_nllb_persian	The program is designed to prevent harassment	0.0301
753	bt_nllb_swahili	measures to prevent oppression	0.0134
753	bt_nllb_german	The Commission has also adopted a number of measures to combat the situation in the Member States	0.0
754	-1	domestic adoption laws	0.0987
754	bt_nllb_french	national laws on adoption	0.0567
754	bt_nllb_german	National adoption laws	0.0567
754	bt_nllb_russian	national laws on adoption	0.0567
754	bt_nllb_chinese_yue	The National Adoption Act	0.0385
754	bt_nllb_tamil	The adoption laws are the same as the national laws	0.0365
754	bt_nllb_korean	Adoption laws in the country	0.0347
754	bt_nllb_persian	The rules of domestic adoption	0.0245
754	bt_nllb_arabic	Local adoption laws	0.0052
755	-1	Scottish Highland Games	0.7368
755	bt_nllb_chinese_yue	Scottish Highland Movement	0.4386
755	bt_nllb_malay	Highland Scotland game	0.3968
755	bt_nllb_russian	Scottish skiing games	0.3487
756	-1	Volcanic Activity	0.1704
756	bt_nllb_swahili	The Activity of the Volcano	0.17
757	-1	Murals	0.1331
757	bt_nllb_arabic	Wall paintings	0.006
757	bt_nllb_chinese_yue	Wall paintings	0.006
757	bt_nllb_french	Wall paintings	0.006
757	bt_nllb_german	Wall paintings	0.006
757	bt_nllb_malay	Wall painting	0.006
757	bt_nllb_persian	Wall paintings	0.006
757	bt_nllb_tamil	Wall paintings	0.006
757	bt_nllb_russian	The walls	0.0
757	bt_nllb_swahili	Flowers	0.0
758	-1	Embryonic stem cells	0.3776
758	bt_nllb_malay	The embryo s stem cells	0.3146
758	bt_nllb_swahili	The embryos of the blood cell	0.1748
758	bt_nllb_tamil	The molecules of the embryo	0.0039
758	bt_nllb_german	The following information is provided for in the Annex to this Regulation	0.0
759	-1	civil war battle reenactments	0.391
759	bt_nllb_korean	A reenactment of the Civil War	0.3119
759	bt_nllb_german	Repeats of civil war	0.0284
759	bt_nllb_arabic	The battles of the Civil War	0.0192
759	bt_nllb_french	recreation of civil war battles	0.0191
759	bt_nllb_russian	Reproduction of the Civil War	0.0144
759	bt_nllb_chinese_yue	The Civil War is happening again	0.0122
759	bt_nllb_persian	Civil War actors	0.0071
759	bt_nllb_tamil	The Civil War Revived the Wars	0.0068
759	bt_nllb_malay	Resistance to the Civil War	0.0
759	bt_nllb_swahili	Exhibits of civil war	0.0
760	-1	american muslim mosques schools	0.3111
760	bt_nllb_chinese_yue	Muslim Mosque Schools in the United States	0.2397
760	bt_nllb_swahili	American Muslim Masjid school	0.183
760	bt_nllb_french	Muslim mosques in the US schools	0.1498
760	bt_nllb_korean	The Islamic Social School of America	0.1274
761	-1	Problems of Hmong Immigrants	0.3527
761	bt_nllb_persian	The problems of the Hmong migrants	0.1384
761	bt_nllb_russian	The problems of immigrants Mongs	0.1125
761	bt_nllb_chinese_yue	The issue of immigration	0.0074
761	bt_nllb_arabic	The problems of the Mongol immigrants	0.0
762	-1	History of Physicians in America	0.0801
762	bt_nllb_arabic	The history of doctors in America	0.0091
762	bt_nllb_french	The history of doctors in America	0.0091
762	bt_nllb_german	The History of Doctors in America	0.0091
762	bt_nllb_malay	The History of the Doctor in America	0.0091
762	bt_nllb_russian	The history of doctors in America	0.0091
762	bt_nllb_chinese_yue	The history of doctors in the United States	0.0
762	bt_nllb_korean	The history of doctors in the United States	0.0
762	bt_nllb_persian	The history of doctors in the United States	0.0
762	bt_nllb_swahili	The History of Doctors in the United States	0.0
762	bt_nllb_tamil	The history of doctors in the United States	0.0
763	-1	Hunting deaths	0.1789
763	bt_nllb_arabic	The deaths from hunting	0.1638
763	bt_nllb_korean	Deaths from Hunting	0.1638
763	bt_nllb_russian	Death from Hunting	0.1638
763	bt_nllb_malay	The death of the hunter	0.1482
763	bt_nllb_swahili	The Death of Hunters	0.1482
763	bt_nllb_german	The number of deaths in hunting	0.0405
763	bt_nllb_chinese_yue	The hunt is dead	0.0161
763	bt_nllb_tamil	The deaths of poachers	0.0119
764	-1	Increase mass transit use	0.1615
764	bt_nllb_russian	Increasing the use of mass transport	0.0631
764	bt_nllb_arabic	Increased use of public transport	0.0532
764	bt_nllb_chinese_yue	Increased use of public transportation	0.0532
764	bt_nllb_french	Increased use of public transport	0.0532
764	bt_nllb_korean	Increase the use of public transportation	0.0532
764	bt_nllb_malay	Increasing use of public transport	0.0532
764	bt_nllb_persian	Increased use of public transport	0.0532
764	bt_nllb_swahili	Increase the use of public transportation	0.0532
764	bt_nllb_tamil	Increasing the use of public transport	0.0532
764	bt_nllb_german	The Commission has also adopted a number of proposals for a new directive on the protection of workers rights	0.0
765	-1	ephedra ma huang deaths	0.4896
765	bt_nllb_french	Ephedra Ma Huang has died	0.463
765	bt_nllb_tamil	Ephedra Ma Huang died	0.4337
765	bt_nllb_swahili	Ephedra Ma Huang is dead	0.4158
765	bt_nllb_korean	The death of Ephdrow Ma Huang	0.326
765	bt_nllb_russian	Ma Huang s death	0.3016
765	bt_nllb_arabic	The death of Efedra Ma Huang	0.2185
765	bt_nllb_malay	Efedra Ma Huang is dead	0.0842
765	bt_nllb_persian	The death of our father Huang	0.0227
765	bt_nllb_german	The Commission has also adopted a number of measures to combat the spread of the virus	0.0
766	-1	diamond smuggling	0.4568
766	bt_nllb_swahili	The sale of diamonds	0.2036
766	bt_nllb_korean	The diamond smuggler	0.1358
767	-1	Pharmacist License requirements	0.2332
767	bt_nllb_chinese_yue	A pharmacist s license is required	0.2247
767	bt_nllb_russian	Requirements for pharmacist s license	0.2247
767	bt_nllb_tamil	Pharmacy license requirements	0.1898
767	bt_nllb_arabic	The requirements for pharmacy licensure	0.1449
767	bt_nllb_malay	Licensing requirements for pharmaceuticals	0.085
767	bt_nllb_persian	The conditions of the pharmaceutical license	0.0397
767	bt_nllb_french	Requirements for a pharmacist s licence	0.0139
767	bt_nllb_korean	Licensing requirements	0.0049
767	bt_nllb_german	Requirements for the licence of a pharmacist	0.0041
767	bt_nllb_swahili	License Requirements for Medicinal Products	0.0
768	-1	Women in state legislatures	0.2851
768	bt_nllb_korean	A woman in the State House of Representatives	0.0862
768	bt_nllb_tamil	Women in state assemblies	0.0765
768	bt_nllb_french	Women in state legislation	0.0725
768	bt_nllb_russian	Women in the legislative bodies of the States	0.0341
768	bt_nllb_malay	Women in state law	0.0138
768	bt_nllb_arabic	Women in the legislative provinces	0.0
768	bt_nllb_swahili	Women in the state parliament	0.0
769	-1	Kroll Associates Employees	0.0566
769	bt_nllb_tamil	The staff of Kroll Associates	0.0526
769	bt_nllb_arabic	The staff associates	0.0
769	bt_nllb_chinese_yue	I work for Crowl	0.0
769	bt_nllb_korean	Crowl Co op staff	0.0
769	bt_nllb_persian	Crowley s staff	0.0
770	-1	Kyrgyzstan-United States relations	0.2419
770	bt_nllb_chinese_yue	Kyrgyzstan s relations with the United States	0.2267
770	bt_nllb_arabic	Kyrgyzstan U S relations	0.1045
770	bt_nllb_malay	Kyrgyzstan U S relations	0.1045
770	bt_nllb_tamil	The Kyrgyz American relations	0.0852
771	-1	deformed leopard frogs	0.4412
771	bt_nllb_persian	Leopard frogs are perverse	0.2113
771	bt_nllb_swahili	Defective leopards	0.1855
771	bt_nllb_malay	A defective lion frog	0.0425
771	bt_nllb_korean	A modified tiger frog	0.0184
771	bt_nllb_arabic	The turning tiger frogs	0.0167
771	bt_nllb_chinese_yue	It s deformed	0.0
771	bt_nllb_tamil	The red colored lion frog	0.0
772	-1	flag display rules	0.4948
772	bt_nllb_arabic	The rules of flagging	0.1932
772	bt_nllb_swahili	rules for flags	0.1932
772	bt_nllb_chinese_yue	The flag shows the rules	0.1567
772	bt_nllb_malay	the rules of appearance of the flag	0.1376
772	bt_nllb_korean	Flag sign rules	0.1125
773	-1	Pennsylvania slot machine gambling	0.6115
773	bt_nllb_chinese_yue	Gambling in Pennsylvania	0.5875
773	bt_nllb_persian	Playing in the Pennsylvania slot machine	0.5773
773	bt_nllb_french	Pennsylvania slot machines	0.4335
773	bt_nllb_swahili	Pennsylvania gaming machine	0.4154
773	bt_nllb_arabic	The gambling projects in the Forex gaming projects	0.0
774	-1	Causes of Homelessness	0.1873
774	bt_nllb_tamil	Why are homeless people so vulnerable	0.1555
774	bt_nllb_persian	The reasons for homelessness	0.1234
774	bt_nllb_swahili	Reasons for Homelessness	0.1234
774	bt_nllb_chinese_yue	Why they re homeless	0.0122
774	bt_nllb_french	The Causes of Poverty	0.0056
774	bt_nllb_malay	Causes of Housing Emptiness	0.0024
774	bt_nllb_korean	Why I Have No Home	0.0
775	-1	Commercial candy makers	0.144
775	bt_nllb_arabic	The commercial confectioners	0.052
775	bt_nllb_tamil	Commercial sweets makers	0.0398
775	bt_nllb_chinese_yue	Commercial candy manufacturers	0.0258
775	bt_nllb_korean	Commercial candy manufacturers	0.0258
775	bt_nllb_malay	Commercial candy manufacturers	0.0258
775	bt_nllb_russian	Commercial candy manufacturers	0.0258
775	bt_nllb_swahili	Commercial sugar producers	0.0017
775	bt_nllb_french	Manufacturers of commercial sweets	0.0
775	bt_nllb_german	Manufacturers of commercial sweets	0.0
775	bt_nllb_persian	Commercial sweets manufacturers	0.0
776	-1	Magnet schools success	0.261
776	bt_nllb_korean	Success at Your School	0.005
777	-1	hybrid alternative fuel cars	0.2391
777	bt_nllb_persian	Hybrid fuel cars are replacing them	0.1929
777	bt_nllb_malay	hybrid alternative fuels	0.147
777	bt_nllb_chinese_yue	Hybrid alternative fuel vehicles	0.1179
777	bt_nllb_french	hybrid alternative fuel vehicles	0.1179
777	bt_nllb_german	Hybrid alternative fuel vehicles	0.1179
777	bt_nllb_russian	hybrid vehicles with alternative fuel	0.1179
777	bt_nllb_tamil	Hybrid alternative fuel vehicles	0.1179
777	bt_nllb_swahili	hybrid fuel vehicles	0.0973
778	-1	golden ratio	0.3346
778	bt_nllb_chinese_yue	The gold ratio	0.0245
778	bt_nllb_french	gold ratio	0.0245
778	bt_nllb_german	Gold ratio	0.0245
778	bt_nllb_korean	Gold ratio	0.0245
778	bt_nllb_malay	gold ratio	0.0245
778	bt_nllb_persian	The gold ratio	0.0245
778	bt_nllb_swahili	gold ratio	0.0245
778	bt_nllb_tamil	Gold Rate	0.0
779	-1	Javelinas range and description	0.4432
779	bt_nllb_tamil	The description and classification of Javelina	0.3479
779	bt_nllb_german	Selection and description of Javelinas	0.322
779	bt_nllb_swahili	Types and descriptions of javelinas	0.2925
779	bt_nllb_russian	Assortment and description of hawks	0.0053
779	bt_nllb_arabic	The collection and description of the javelins	0.0
779	bt_nllb_chinese_yue	The knife series and description	0.0
779	bt_nllb_french	Region and description of the javelins	0.0
779	bt_nllb_korean	The range and description of the javelin	0.0
779	bt_nllb_persian	The range and description of Javins	0.0
780	-1	Arable land	0.1301
780	bt_nllb_chinese_yue	The land	0.0082
780	bt_nllb_korean	Farming land	0.0041
780	bt_nllb_french	Agricultural land	0.0012
780	bt_nllb_german	Agricultural land	0.0012
780	bt_nllb_tamil	agricultural land	0.0012
780	bt_nllb_arabic	The cultivated land	0.0
780	bt_nllb_malay	Farmland	0.0
780	bt_nllb_persian	The slaughterhouses	0.0
780	bt_nllb_russian	Soil	0.0
780	bt_nllb_swahili	The Harvest	0.0
781	-1	Squirrel control and protections	0.2328
781	bt_nllb_arabic	Counter squirrel and protective slugs	0.0382
781	bt_nllb_tamil	Ant control and protection	0.0119
781	bt_nllb_swahili	Control and protection of animals	0.0056
781	bt_nllb_chinese_yue	Control and protection	0.0
781	bt_nllb_korean	Sky control and protection	0.0
781	bt_nllb_russian	Proteins control and protect	0.0
782	-1	Orange varieties seasons	0.4516
782	bt_nllb_korean	Orange season	0.3634
782	bt_nllb_swahili	Varieties of summer oranges	0.2442
782	bt_nllb_malay	Various seasonal oranges	0.2303
782	bt_nllb_chinese_yue	Color season	0.1023
782	bt_nllb_arabic	The orange species are seasonal	0.0478
782	bt_nllb_persian	Seasons of orange species	0.0478
783	-1	school mercury poisoning	0.3076
783	bt_nllb_french	Mercury intoxication at school	0.1975
783	bt_nllb_chinese_yue	School poisoning	0.0163
783	bt_nllb_korean	School hydrogen dependency	0.0
783	bt_nllb_persian	Jewellery poisoning at school	0.0
783	bt_nllb_swahili	the poison of school inspiration	0.0
784	-1	mersenne primes	0.7294
784	bt_nllb_tamil	Mersenne s chief	0.6599
784	bt_nllb_arabic	The first number is Mersin	0.0
784	bt_nllb_chinese_yue	The number of mesonins	0.0
784	bt_nllb_french	The prime numbers of mercenaries	0.0
784	bt_nllb_german	their primary values	0.0
784	bt_nllb_korean	It s the first Mercedes	0.0
784	bt_nllb_persian	The first few numbers of Merson	0.0
784	bt_nllb_russian	first number of Mercenes	0.0
785	-1	Ivory-billed woodpecker	0.347
785	bt_nllb_arabic	The wood bird from the ivory column	0.2916
785	bt_nllb_chinese_yue	Ivory wood	0.1275
785	bt_nllb_persian	Wooden wheat with ivory bills	0.0255
785	bt_nllb_german	Instruments for the manufacture of electrical equipment	0.0
785	bt_nllb_korean	The tree with an elephant	0.0
785	bt_nllb_russian	The leather barred wooden saw	0.0
785	bt_nllb_swahili	The wooden sand of the split horn elephant	0.0
785	bt_nllb_tamil	The cotton built cotton	0.0
786	-1	Yew trees	0.2559
786	bt_nllb_chinese_yue	The tree	0.0045
786	bt_nllb_russian	The trees	0.0045
786	bt_nllb_tamil	The tree	0.0045
786	bt_nllb_persian	The yÅ« trees	0.0044
786	bt_nllb_korean	The tree of the owl	0.0036
786	bt_nllb_arabic	The yellows	0.0
786	bt_nllb_french	The Trees of the Vine	0.0
786	bt_nllb_german	The disciples	0.0
786	bt_nllb_malay	The purple tree	0.0
787	-1	Sunflower Cultivation	0.3809
787	bt_nllb_russian	The sunflower	0.2194
787	bt_nllb_arabic	Planting sunflowers	0.2118
787	bt_nllb_german	Planting of sunflowers	0.2118
787	bt_nllb_swahili	Planting a Sunflower	0.2118
787	bt_nllb_persian	He planted sunflowers	0.165
787	bt_nllb_chinese_yue	Planting flowers	0.0036
787	bt_nllb_korean	Solar power	0.0
788	-1	Reverse mortgages	0.5377
788	bt_nllb_french	Reverse mortgage loans	0.51
788	bt_nllb_malay	Reverse mortgage loans	0.51
788	bt_nllb_tamil	Repayment of mortgages	0.106
788	bt_nllb_russian	Mortgage loans	0.0494
788	bt_nllb_german	The amount of the loan is calculated as follows	0.0
788	bt_nllb_korean	The counter clockwise mortgage	0.0
788	bt_nllb_swahili	Loans to repay	0.0
789	-1	abandoned mine reclamation	0.1984
789	bt_nllb_french	abandoned mining	0.1462
789	bt_nllb_korean	Abandoned mining	0.1462
789	bt_nllb_russian	Mining abandoned	0.1462
789	bt_nllb_malay	Restoration of the abandoned mine	0.1176
789	bt_nllb_tamil	The recovery of abandoned mines	0.0912
789	bt_nllb_persian	Mining recycling is abandoned	0.0795
789	bt_nllb_arabic	Re embellished abandoned	0.0
789	bt_nllb_chinese_yue	Re use of discarded mines	0.0
789	bt_nllb_german	Abandoned minefields	0.0
789	bt_nllb_swahili	The construction of lost bombs	0.0
790	-1	women's rights in Saudi Arabia	0.6584
791	-1	Gullah geechee language culture	0.6118
791	bt_nllb_swahili	The culture of the Gulah geechee language	0.403
791	bt_nllb_arabic	The culture of the language is my army	0.0
791	bt_nllb_german	The Gulag is a language culture	0.0
791	bt_nllb_korean	The culture of the Guraghi language	0.0
791	bt_nllb_persian	The culture of the Gucci language	0.0
791	bt_nllb_russian	Gula gechi language culture	0.0
791	bt_nllb_tamil	The culture of the Kula Chichi language	0.0
792	-1	Social Security means test	0.1804
792	bt_nllb_korean	Social Security exam	0.0
793	-1	Bagpipe Bands	0.2552
793	bt_nllb_malay	Bag pipe band	0.0317
793	bt_nllb_arabic	The pipe tapes	0.0
793	bt_nllb_chinese_yue	The wire	0.0
793	bt_nllb_french	Other of a kind used for the manufacture of goods of heading	0.0
793	bt_nllb_german	Other of a kind used for the manufacture of goods of heading	0.0
793	bt_nllb_korean	The Bug Pipe Band	0.0
793	bt_nllb_persian	The Bug Bands	0.0
793	bt_nllb_russian	Sketch tape	0.0
793	bt_nllb_swahili	The Plaques of the Rivers	0.0
793	bt_nllb_tamil	Backpipe bands	0.0
794	-1	pet therapy	0.1857
794	bt_nllb_russian	therapy of domestic animals	0.0924
794	bt_nllb_german	Animal health	0.0297
794	bt_nllb_arabic	Treatment of pets	0.0077
794	bt_nllb_korean	Treatment of pets	0.0077
794	bt_nllb_persian	Treatment of pets	0.0077
794	bt_nllb_swahili	treatment of pets	0.0077
795	-1	notable cocker spaniels	0.1126
795	bt_nllb_persian	Notable spaniels	0.0649
795	bt_nllb_tamil	The notable Coker Spaniel	0.0409
795	bt_nllb_chinese_yue	Fish	0.0
795	bt_nllb_russian	The most remarkable cock singer	0.0
796	-1	Blue Grass Music Festival history	0.2037
796	bt_nllb_chinese_yue	The history of the Blue Grass Festival	0.1959
796	bt_nllb_tamil	The history of the Blue Cross Music Festival	0.1754
797	-1	reintroduction of gray wolves	0.4819
797	bt_nllb_german	Restoration of gray wolves	0.3851
797	bt_nllb_persian	The gray wolves	0.3814
797	bt_nllb_russian	Restarting the use of gray wolves	0.3789
797	bt_nllb_chinese_yue	Grey wolves are reintroduced	0.3418
797	bt_nllb_french	reintroduction of grey wolves	0.2775
797	bt_nllb_arabic	Re introducing the gray wolves	0.2586
797	bt_nllb_swahili	reintroduction of the black wolf	0.1803
797	bt_nllb_korean	The Grey Wolf breeding	0.1083
797	bt_nllb_tamil	The Red Wolf Resettlement	0.0439
797	bt_nllb_malay	re introduction of the grey wolf	0.0407
798	-1	Massachusetts textile mills	0.3436
798	bt_nllb_arabic	Textile factories in Massachusetts	0.3299
798	bt_nllb_german	Textile factories in Massachusetts	0.3299
798	bt_nllb_korean	Massachusetts textile factory	0.3299
798	bt_nllb_persian	The textile factories of Massachusetts	0.3299
798	bt_nllb_russian	Textile factories in Massachusetts	0.3299
798	bt_nllb_swahili	Textile machines in Massachusetts	0.1348
798	bt_nllb_french	Textile manufacturing in Massachusetts	0.0264
799	-1	Animals in Alzheimer's research	0.1601
800	-1	Ovarian Cancer Treatment	0.2261
800	bt_nllb_tamil	The treatment of cervical cancer	0.0198
800	bt_nllb_swahili	Treatment of Eye Cancer	0.0059
801	-1	Kudzu Pueraria lobata	0.4372
801	bt_nllb_chinese_yue	Kudzu Pueraria lobata is a species of lobata	0.3988
801	bt_nllb_swahili	The Pueraria lobata	0.3024
801	bt_nllb_french	The wings of the pueraria lobata	0.2705
801	bt_nllb_russian	The Kudo Pueraria of the Lobot	0.1815
801	bt_nllb_tamil	The first is the Kutsu Puearia Lopata	0.0375
801	bt_nllb_arabic	I m not going to lie	0.0
801	bt_nllb_german	Other articles of heading No	0.0
801	bt_nllb_korean	The Kuz Poeria Robata is the first	0.0
801	bt_nllb_persian	I m not going to tell you	0.0
802	-1	Volcano eruptions global temperature	0.3842
802	bt_nllb_swahili	Volcanic violence global warming	0.3526
802	bt_nllb_chinese_yue	The volcano erupted and global warming began	0.1884
803	-1	May Day	0.0
804	-1	ban on human cloning	0.3658
804	bt_nllb_swahili	The ban on human design	0.3176
805	-1	Identity Theft Passport	0.1992
805	bt_nllb_german	Pass for identity theft	0.0981
805	bt_nllb_korean	A passport to steal an ID	0.0844
805	bt_nllb_chinese_yue	I m a passenger and I m a passenger	0.0
806	-1	Doctors Without Borders	0.2734
807	-1	Sugar tariff-rate quotas	0.5079
807	bt_nllb_arabic	Sugar tariffs	0.4859
807	bt_nllb_korean	Sugar tariffs	0.4859
807	bt_nllb_malay	Sugar tariff boxes	0.4551
807	bt_nllb_persian	Cutting tariffs on sugar	0.2469
807	bt_nllb_swahili	Sugar tax rates	0.1728
807	bt_nllb_chinese_yue	The sugar tax rate is positioned	0.1401
807	bt_nllb_german	Farmers tariff quotas	0.0539
808	-1	North Korean Counterfeiting	0.7719
808	bt_nllb_persian	North Korean fraud	0.2616
808	bt_nllb_swahili	North Korean Fraud	0.2616
808	bt_nllb_arabic	North Korea is fake	0.1563
808	bt_nllb_chinese_yue	North Korea is fake	0.1563
808	bt_nllb_russian	North Korea is a fake	0.1563
808	bt_nllb_malay	North Korea Abuses	0.0439
809	-1	wetlands wastewater treatment	0.3281
809	bt_nllb_russian	cleaning of wastewater in wetlands	0.1549
809	bt_nllb_korean	The wetlands are being treated	0.1099
809	bt_nllb_arabic	Wastewater treatment in swampy areas	0.0202
809	bt_nllb_swahili	rainwater treatment	0.0
810	-1	timeshare resales	0.5455
810	bt_nllb_arabic	Re selling the stake in time	0.0
810	bt_nllb_chinese_yue	Share the time of reselling	0.0
810	bt_nllb_french	Recurring sales of time shared	0.0
810	bt_nllb_german	The Commission shall take into account the following information	0.0
810	bt_nllb_korean	Shared time reselling	0.0
810	bt_nllb_malay	Selling back time together	0.0
810	bt_nllb_persian	Selling back the time sharing	0.0
810	bt_nllb_russian	Re selling of parts	0.0
810	bt_nllb_swahili	time sales share	0.0
810	bt_nllb_tamil	Time sharing reselling	0.0
811	-1	handwriting recognition	0.4388
811	bt_nllb_chinese_yue	Handwritten identification	0.1045
811	bt_nllb_arabic	Identify the handwriting	0.099
811	bt_nllb_german	Handwriting identification	0.0465
811	bt_nllb_french	recognition of writing	0.0376
811	bt_nllb_korean	Signature of the hand	0.0
811	bt_nllb_persian	Handline detection	0.0
811	bt_nllb_swahili	Recognizing the Scriptures	0.0
811	bt_nllb_tamil	Signature approval	0.0
812	-1	total knee replacement surgery	0.5436
812	bt_nllb_persian	Knee replacement surgery	0.5166
812	bt_nllb_arabic	Full knee replacement surgery	0.5105
812	bt_nllb_korean	Full knee replacement surgery	0.5105
812	bt_nllb_german	Total knee replacement operation	0.4667
812	bt_nllb_russian	General operation for knee replacement	0.4292
812	bt_nllb_chinese_yue	A complete knee replacement	0.3679
812	bt_nllb_tamil	A complete knee replacement	0.3679
812	bt_nllb_swahili	knee surgery	0.3597
813	-1	Atlantic Intracoastal Waterway	0.4247
813	bt_nllb_swahili	The Atlantic Waterway	0.316
813	bt_nllb_malay	Inland waterway of the Atlantic	0.2302
813	bt_nllb_russian	Inland waterways of the Atlantic	0.2302
813	bt_nllb_persian	The waterway into the Atlantic coast	0.2257
813	bt_nllb_tamil	The Atlantic coast waterway	0.2257
813	bt_nllb_arabic	The inland waterway in the Atlantic Ocean	0.1911
813	bt_nllb_chinese_yue	Inland waterways in the Atlantic Ocean	0.1911
813	bt_nllb_korean	I m on my way to the Atlantic coast	0.0
814	-1	Johnstown flood	0.5444
815	-1	Coast Guard rescues	0.1884
815	bt_nllb_arabic	Saving the Coast Guard	0.0823
815	bt_nllb_russian	Coast Guard is saving	0.0823
815	bt_nllb_french	The Coast Guard Rescuers	0.0613
815	bt_nllb_swahili	Coastguards Cleaning	0.0
816	-1	USAID assistance to Galapagos	0.8718
816	bt_nllb_german	USAID aid to the Galapagos	0.8464
816	bt_nllb_malay	USAID aid to the Galapagos	0.8464
816	bt_nllb_persian	USAID aid to the Galapagos	0.8464
816	bt_nllb_swahili	USAID aid to the Galapagos	0.8464
816	bt_nllb_french	Aid from USAID to the Galapagos	0.8402
816	bt_nllb_arabic	Assistance provided by the U S Agency for International Development to the Galapagos Islands	0.5768
817	-1	sports stadium naming rights	0.4256
817	bt_nllb_chinese_yue	The naming rights of the stadium	0.396
817	bt_nllb_swahili	right to the name of the stadium	0.396
817	bt_nllb_tamil	Naming rights of the stadium	0.396
817	bt_nllb_german	Sports stadium rights	0.3823
817	bt_nllb_korean	Sports stadium names	0.3158
817	bt_nllb_arabic	Sports fields naming rights	0.042
818	-1	Chaco Culture National Park	0.3008
818	bt_nllb_swahili	The Chaco National Park	0.1491
818	bt_nllb_chinese_yue	The Chako Culture National Park	0.0
818	bt_nllb_korean	The Chako Cultural National Park	0.0
818	bt_nllb_tamil	Sago Cultural National Park	0.0
819	-1	1890 Census	0.0155
819	bt_nllb_arabic	population	0.0
819	bt_nllb_swahili	Population in	0.0
820	-1	imported fire ants	0.4099
820	bt_nllb_persian	Fire ants are in	0.3905
820	bt_nllb_chinese_yue	Importing fire	0.1171
820	bt_nllb_korean	Imported fireworks	0.0
820	bt_nllb_swahili	outdoor fireflies	0.0
821	-1	Internet work-at-home scams	0.3645
821	bt_nllb_french	Internet scams at work from home	0.3402
821	bt_nllb_persian	Internet scams at work	0.2949
821	bt_nllb_german	Internet work to home fraud	0.122
821	bt_nllb_malay	Internet fraud works at home	0.122
821	bt_nllb_russian	Internet fraud at work	0.0588
821	bt_nllb_tamil	The Internet is a home for online work	0.0128
821	bt_nllb_chinese_yue	The Internet is the kitchen	0.0
821	bt_nllb_korean	You re cheating on the Internet	0.0
821	bt_nllb_swahili	Cheating on homework on the Internet	0.0
822	-1	Custer's Last Stand	0.1533
822	bt_nllb_german	Custer s final point of view	0.1312
822	bt_nllb_swahili	Custer s Final Victory	0.1191
822	bt_nllb_korean	The Last Book of Custer	0.1073
822	bt_nllb_arabic	Last stop for Custer	0.1017
822	bt_nllb_persian	The last stop of Custer	0.1017
822	bt_nllb_chinese_yue	Castor s final step	0.0
822	bt_nllb_tamil	The final stage of Castro	0.0
823	-1	Continuing care retirement communities	0.4303
823	bt_nllb_malay	The community of retired people continues to care	0.3014
823	bt_nllb_korean	Continuous management retirement community	0.165
823	bt_nllb_french	Continuing care pension communities	0.0366
823	bt_nllb_german	Development pension communities	0.0
823	bt_nllb_russian	Communities of pensioners in constant care	0.0
823	bt_nllb_swahili	Adult communities to thrive	0.0
823	bt_nllb_tamil	Continuous Care Pension Societies	0.0
824	-1	Civil Air Patrol	0.2276
824	bt_nllb_tamil	The Civil Air Force	0.0682
824	bt_nllb_korean	Civil air police	0.0171
824	bt_nllb_swahili	Civil Air Police	0.0171
824	bt_nllb_malay	Public air services	0.0025
825	-1	National Guard Involvement in Iraq	0.1414
825	bt_nllb_swahili	The National Guard s Co operation in Iraq	0.0888
825	bt_nllb_german	The National Guard s involvement in Iraq	0.0863
825	bt_nllb_korean	The National Guard s involvement in Iraq	0.0863
825	bt_nllb_russian	The National Guard s involvement in Iraq	0.0863
825	bt_nllb_chinese_yue	The Iraqi National Guard is involved	0.0596
825	bt_nllb_tamil	National Police participation in Iraq	0.0
826	-1	Florida Seminole Indians	0.3311
827	-1	Hidden Markov Modeling HMM	0.694
827	bt_nllb_chinese_yue	The hidden Malkov simulates HMM	0.5345
827	bt_nllb_arabic	Markov is hiding a model hymn	0.1368
828	-1	secret shoppers	0.3435
828	bt_nllb_french	secret buyers	0.0
828	bt_nllb_german	Secret Buyers	0.0
828	bt_nllb_persian	The hidden buyers	0.0
828	bt_nllb_russian	The secret buyers	0.0
828	bt_nllb_tamil	Secret buyers	0.0
829	-1	Spanish Civil War support	0.2169
829	bt_nllb_russian	Support during the Spanish Civil War	0.189
829	bt_nllb_swahili	Aid for the Spanish Civil War	0.1882
829	bt_nllb_tamil	The Spanish Civil War was a turbulent period	0.1497
830	-1	model railroads	0.1802
830	bt_nllb_french	railway model	0.0679
830	bt_nllb_german	Model railway	0.0679
830	bt_nllb_korean	Model railway	0.0679
830	bt_nllb_malay	model railway	0.0679
830	bt_nllb_persian	Model railways	0.0679
830	bt_nllb_russian	model of railways	0.0679
830	bt_nllb_swahili	model railways	0.0679
830	bt_nllb_tamil	Model railway	0.0679
831	-1	Dulles Airport security	0.8153
831	bt_nllb_korean	Dallas airport security	0.1291
831	bt_nllb_persian	Security at Dallas Airport	0.1291
831	bt_nllb_russian	The security of the Dallas airport	0.1291
831	bt_nllb_arabic	Dalyes airport security	0.1285
831	bt_nllb_chinese_yue	Dulles Airport is safe	0.0995
832	-1	labor union activity	0.1387
832	bt_nllb_chinese_yue	The trade union movement	0.025
832	bt_nllb_arabic	Trade union activity	0.0188
832	bt_nllb_french	trade union activity	0.0188
832	bt_nllb_german	Trade union activity	0.0188
832	bt_nllb_korean	Trade union activities	0.0188
832	bt_nllb_malay	trade union activities	0.0188
832	bt_nllb_persian	Activities of trade unions	0.0188
832	bt_nllb_russian	Trade union activities	0.0188
832	bt_nllb_swahili	the activities of trade unions	0.0188
832	bt_nllb_tamil	Trade union activity	0.0188
833	-1	Iceland government	0.6889
834	-1	Global positioning system earthquakes	0.1942
834	bt_nllb_malay	Earthquake global placement system	0.1089
834	bt_nllb_swahili	Earthquake of the international system of installation	0.0363
834	bt_nllb_korean	Earthquake location system	0.0119
835	-1	Big Dig pork	0.2127
835	bt_nllb_korean	Big digging pigs	0.0707
835	bt_nllb_tamil	Big digging pig	0.0707
835	bt_nllb_french	Big Dig s pig	0.0666
835	bt_nllb_arabic	Big pork	0.0112
835	bt_nllb_persian	Big pork	0.0112
835	bt_nllb_chinese_yue	Dig a hole in the pork	0.0
835	bt_nllb_russian	Big lead	0.0
836	-1	illegal immigrant wages	0.4335
836	bt_nllb_persian	The rights of illegal immigrants	0.2134
836	bt_nllb_swahili	wages of legal immigrants	0.0989
837	-1	Eskimo History	0.1465
837	bt_nllb_russian	The story of the Eskimos	0.0234
837	bt_nllb_chinese_yue	The Smithsonian	0.0
837	bt_nllb_swahili	The History of the Waeskim	0.0
838	-1	urban suburban coyotes	0.4257
838	bt_nllb_korean	Coyote outside the city	0.3889
838	bt_nllb_french	urban coyotes of the suburbs	0.2949
838	bt_nllb_tamil	Coyotes an urban suburb	0.2949
838	bt_nllb_malay	suburb coyotes	0.1834
838	bt_nllb_arabic	Urban cows	0.0
838	bt_nllb_chinese_yue	Suburbs	0.0
838	bt_nllb_german	Urban suburb cohouses	0.0
838	bt_nllb_persian	Urban Quotes	0.0
839	-1	textile dyeing techniques	0.4265
839	bt_nllb_arabic	Techniques for dyeing fabrics	0.3094
839	bt_nllb_korean	Fiber dyeing techniques	0.2871
839	bt_nllb_swahili	techniques for dyeing clothes	0.171
839	bt_nllb_german	Textile colouring processes	0.0567
839	bt_nllb_russian	textile painting techniques	0.0442
839	bt_nllb_chinese_yue	Weaving technology	0.0159
840	-1	Geysers	0.1673
840	bt_nllb_arabic	The waves	0.0
840	bt_nllb_chinese_yue	Gas	0.0
840	bt_nllb_korean	The basement	0.0
840	bt_nllb_tamil	Kaiser	0.0
841	-1	camel North America	0.3855
841	bt_nllb_chinese_yue	North American camel	0.2613
841	bt_nllb_malay	North American camel	0.2613
841	bt_nllb_arabic	North America	0.0
841	bt_nllb_french	North America	0.0
841	bt_nllb_persian	North America	0.0
841	bt_nllb_tamil	North America	0.0
842	-1	David McCullough	0.1895
842	bt_nllb_persian	I m going to see David McCullough	0.1711
842	bt_nllb_german	I m not sure	0.0
842	bt_nllb_korean	I m going to tell you something	0.0
843	-1	Pol Pot	0.5706
843	bt_nllb_russian	Paul Pot	0.0146
843	bt_nllb_tamil	Paul Pot	0.0146
843	bt_nllb_arabic	Paul But	0.0
843	bt_nllb_chinese_yue	Paul Porter	0.0
843	bt_nllb_korean	Paul Port	0.0
843	bt_nllb_persian	The money s gone	0.0
844	-1	segmental duplications	0.1691
844	bt_nllb_arabic	The cataract complications	0.0
844	bt_nllb_chinese_yue	Part of it repeats itself	0.0
844	bt_nllb_french	double segmented	0.0
844	bt_nllb_korean	Copy the segment	0.0
844	bt_nllb_persian	Definite double	0.0
844	bt_nllb_tamil	Division double	0.0
845	-1	New Jersey tomato	0.4089
845	bt_nllb_french	Tomatoes from New Jersey	0.4034
845	bt_nllb_german	Tomatoes from New Jersey	0.4034
845	bt_nllb_russian	Tomatoes from New Jersey	0.4034
845	bt_nllb_chinese_yue	New Jersey tomatoes are the best	0.3536
845	bt_nllb_persian	Tomatoes and strawberries	0.0163
846	-1	heredity and obesity	0.3291
846	bt_nllb_tamil	Genetic factors and obesity	0.2065
846	bt_nllb_arabic	Genetics and obesity	0.1986
846	bt_nllb_chinese_yue	Genetics and obesity	0.1986
846	bt_nllb_korean	Genetics and obesity	0.1986
846	bt_nllb_persian	Genetic and obese	0.1986
846	bt_nllb_french	inherited and obese	0.1133
846	bt_nllb_german	Inheritance and Obesity	0.1133
846	bt_nllb_russian	inheritance and obesity	0.1133
846	bt_nllb_swahili	Inheritance and obesity	0.1133
846	bt_nllb_malay	offspring and obesity	0.0097
847	-1	Portugal World War II	0.3573
848	-1	radio station call letters	0.1751
848	bt_nllb_french	the radio station s call letters	0.1119
848	bt_nllb_persian	The radio station s call letters	0.1119
848	bt_nllb_tamil	The radio station s call letters	0.1119
848	bt_nllb_swahili	telephone letters from a radio station	0.1037
848	bt_nllb_korean	Phone letter to the radio station	0.0989
848	bt_nllb_russian	radio stations	0.0262
848	bt_nllb_arabic	Call messages to the radio station	0.0164
848	bt_nllb_german	Telephone calls from radio stations	0.0034
848	bt_nllb_chinese_yue	Radio calls	0.0
849	-1	Scalable Vector Graphics	0.4526
849	bt_nllb_chinese_yue	Expandable vector graphics	0.0653
849	bt_nllb_korean	Expandable vector graphics	0.0653
849	bt_nllb_russian	Scalable vector graph	0.064
849	bt_nllb_arabic	The standard vector graphics	0.0619
849	bt_nllb_persian	Scalable metric graphics	0.0201
849	bt_nllb_french	The following table shows the evolutionary vector graphs	0.0
849	bt_nllb_malay	Vector graphs that can be measured	0.0
849	bt_nllb_tamil	Scable vector charts	0.0
850	-1	Mississippi River flood	0.318
